type,non-vacant energy (eV),initial energy (eV),saddle point (eV),final energy (eV),energy barrier (eV)
1,-8502.01543,-8496.3052,-8495.0652,-8496.3328,1.2400000000016007
3,-8502.01543,-8496.3052,-8495.4656,-8496.6164,0.8396000000011554
2,-8502.01543,-8496.3052,-8495.5031,-8496.2002,0.8021000000007916
2,-8502.01543,-8496.3052,-8495.1982,-8496.2687,1.106999999999971
1,-8502.01543,-8496.3052,-8495.1393,-8496.3248,1.165899999999965
3,-8502.01543,-8496.3052,-8494.9576,-8496.3307,1.3476000000009662
3,-8502.01543,-8496.3052,-8494.7406,-8496.5318,1.5646000000015192
3,-8502.01543,-8496.3052,-8495.0893,-8496.2918,1.2159000000010565
3,-8502.01543,-8496.3052,-8495.2527,-8496.323,1.0525000000016007
2,-8502.01543,-8496.3052,-8495.3345,-8496.1813,0.9706999999998516
3,-8502.01543,-8496.3052,-8495.2844,-8496.3786,1.0208000000002357
2,-8502.01543,-8496.3052,-8495.1181,-8496.3587,1.18710000000101
3,-8502.01543,-8495.8013,-8494.3433,-8495.4263,1.4579999999987194
3,-8502.01543,-8495.8013,-8494.5326,-8495.4352,1.2686999999987165
3,-8502.01543,-8495.8013,-8494.5209,-8495.4485,1.280399999999645
2,-8502.01543,-8495.8013,-8494.6172,-8495.3423,1.1840999999985797
1,-8502.01543,-8495.8013,-8494.6041,-8495.8166,1.197199999998702
1,-8502.01543,-8495.8013,-8494.7059,-8495.7512,1.0953999999983353
1,-8502.01543,-8495.8013,-8494.8187,-8495.8512,0.9825999999993655
2,-8502.01543,-8495.8013,-8494.4692,-8495.6697,1.3320999999996275
1,-8502.01543,-8495.8013,-8494.8196,-8495.778,0.9816999999984546
2,-8502.01543,-8495.8013,-8494.56,-8495.5798,1.2412999999996828
1,-8502.01543,-8495.8013,-8494.7997,-8495.7,1.0015999999995984
1,-8502.01543,-8495.8013,-8494.8918,-8495.7344,0.9094999999997526
2,-8502.01543,-8496.2929,-8495.1532,-8496.2372,1.1396999999997206
1,-8502.01543,-8496.2929,-8495.2427,-8496.2192,1.050199999999677
2,-8502.01543,-8496.2929,-8494.9261,-8495.9704,1.3667999999997846
1,-8502.01543,-8496.2929,-8495.3487,-8496.2955,0.9441999999999098
3,-8502.01543,-8496.2929,-8495.0244,-8496.435,1.268500000000131
3,-8502.01543,-8496.2929,-8495.2322,-8496.285,1.060699999999997
3,-8502.01543,-8496.2929,-8494.9951,-8496.2905,1.2978000000002794
1,-8502.01543,-8496.2929,-8495.0166,-8496.1513,1.2762999999995372
1,-8502.01543,-8496.2929,-8495.3886,-8496.2864,0.9043000000001484
3,-8502.01543,-8496.2929,-8495.2953,-8496.453,0.9976000000006024
1,-8502.01543,-8496.2929,-8495.245,-8496.2893,1.0478999999995722
1,-8502.01543,-8496.2929,-8495.5973,-8496.3969,0.6956000000009226
1,-8502.01543,-8496.4292,-8495.6499,-8496.595,0.7793000000001484
2,-8502.01543,-8496.4292,-8495.2243,-8496.4331,1.2049000000006345
1,-8502.01543,-8496.4292,-8495.5781,-8496.6089,0.8510999999998603
3,-8502.01543,-8496.4292,-8495.3774,-8496.4435,1.0518000000010943
1,-8502.01543,-8496.4292,-8495.1399,-8496.5387,1.2893000000003667
3,-8502.01543,-8496.4292,-8495.1759,-8496.413,1.2533000000003085
2,-8502.01543,-8496.4292,-8495.0947,-8496.3759,1.334500000000844
2,-8502.01543,-8496.4292,-8494.961,-8496.4796,1.4682000000011612
3,-8502.01543,-8496.4292,-8495.1513,-8496.1784,1.2779000000009546
3,-8502.01543,-8496.4292,-8495.504,-8496.4562,0.925199999999677
3,-8502.01543,-8496.4292,-8495.1974,-8496.27,1.2318000000013853
3,-8502.01543,-8496.4292,-8495.2634,-8496.3309,1.1658000000006723
1,-8502.01543,-8495.5891,-8494.6027,-8495.6915,0.9863999999997759
3,-8502.01543,-8495.5891,-8494.7094,-8495.9034,0.8796999999995023
1,-8502.01543,-8495.5891,-8494.6974,-8495.8294,0.8917000000001281
3,-8502.01543,-8495.5891,-8494.2866,-8495.6956,1.3024999999997817
3,-8502.01543,-8495.5891,-8494.5712,-8495.8109,1.0178999999989173
3,-8502.01543,-8495.5891,-8494.6247,-8495.649,0.9643999999989319
2,-8502.01543,-8495.5891,-8494.4547,-8495.8779,1.1343999999990046
3,-8502.01543,-8495.5891,-8494.5726,-8495.7651,1.0164999999997235
1,-8502.01543,-8495.5891,-8494.6253,-8495.7446,0.9637999999995372
2,-8502.01543,-8495.5891,-8494.493,-8495.8679,1.0960999999988417
2,-8502.01543,-8495.5891,-8494.534,-8495.8782,1.0550999999995838
2,-8502.01543,-8495.5891,-8494.3579,-8495.9478,1.2311999999983527
1,-8502.01543,-8496.5297,-8495.3926,-8496.3687,1.1370999999999185
3,-8502.01543,-8496.5297,-8495.2763,-8496.3028,1.2533999999996013
1,-8502.01543,-8496.5297,-8495.6535,-8496.3786,0.8761999999987893
1,-8502.01543,-8496.5297,-8495.3115,-8496.3662,1.2181999999993423
2,-8502.01543,-8496.5297,-8495.2711,-8496.3645,1.2585999999992055
2,-8502.01543,-8496.5297,-8495.1878,-8496.3729,1.3418999999994412
3,-8502.01543,-8496.5297,-8495.2647,-8496.2641,1.264999999999418
1,-8502.01543,-8496.5297,-8495.5507,-8496.5318,0.9789999999993597
1,-8502.01543,-8496.5297,-8495.4469,-8496.3327,1.0827999999983149
1,-8502.01543,-8496.5297,-8495.5498,-8496.3194,0.9798999999984517
1,-8502.01543,-8496.5297,-8495.5184,-8496.4331,1.0112999999983003
1,-8502.01543,-8496.5297,-8495.5978,-8496.3314,0.9318999999995867
1,-8502.01543,-8495.8098,-8494.7614,-8495.6982,1.048400000001493
2,-8502.01543,-8495.8098,-8494.6512,-8495.7309,1.1586000000006607
3,-8502.01543,-8495.8098,-8494.4961,-8495.7244,1.3137000000006083
1,-8502.01543,-8495.8098,-8494.9144,-8495.8446,0.8954000000012456
1,-8502.01543,-8495.8098,-8494.9044,-8495.7512,0.9054000000014639
1,-8502.01543,-8495.8098,-8494.8767,-8495.8512,0.933100000000195
3,-8502.01543,-8495.8098,-8494.5502,-8495.6812,1.2596000000012282
2,-8502.01543,-8495.8098,-8494.483,-8495.7525,1.3268000000007305
1,-8502.01543,-8495.8098,-8494.7814,-8495.657,1.0284000000010565
2,-8502.01543,-8495.8098,-8494.4188,-8495.5301,1.3910000000014406
3,-8502.01543,-8495.8098,-8494.4848,-8495.6808,1.3250000000007276
1,-8502.01543,-8495.8098,-8494.6542,-8495.6688,1.1556000000000495
2,-8502.01543,-8496.3859,-8495.025,-8496.044,1.360899999999674
3,-8502.01543,-8496.3859,-8495.3263,-8496.4534,1.0595999999986816
2,-8502.01543,-8496.3859,-8495.3313,-8496.2276,1.054599999999482
1,-8502.01543,-8496.3859,-8495.2978,-8496.4125,1.0880999999990308
1,-8502.01543,-8496.3859,-8495.1133,-8496.4342,1.2725999999984197
1,-8502.01543,-8496.3859,-8495.5014,-8496.4541,0.8845000000001164
1,-8502.01543,-8496.3859,-8495.4304,-8496.4768,0.9555000000000291
3,-8502.01543,-8496.3859,-8495.1239,-8496.5124,1.2619999999988067
3,-8502.01543,-8496.3859,-8495.2432,-8496.3434,1.1426999999985128
3,-8502.01543,-8496.3859,-8495.1852,-8496.2935,1.200699999999415
1,-8502.01543,-8496.3859,-8495.4312,-8496.3949,0.9546999999984109
2,-8502.01543,-8496.3859,-8495.0179,-8496.1558,1.367999999998574
2,-8502.01543,-8495.5022,-8494.3933,-8495.3293,1.1089000000010856
2,-8502.01543,-8495.5022,-8494.3774,-8495.6921,1.1248000000014144
1,-8502.01543,-8495.5022,-8494.5316,-8495.5419,0.9706000000005588
1,-8502.01543,-8495.5022,-8494.5266,-8495.6416,0.9756000000015774
3,-8502.01543,-8495.5022,-8494.2795,-8495.4805,1.222700000000259
2,-8502.01543,-8495.5022,-8494.4831,-8495.5477,1.0191000000013446
2,-8502.01543,-8495.5022,-8494.2658,-8495.2152,1.236400000001595
3,-8502.01543,-8495.5022,-8494.4151,-8495.5375,1.087100000000646
3,-8502.01543,-8495.5022,-8494.2703,-8495.5907,1.2319000000006781
1,-8502.01543,-8495.5022,-8494.3505,-8495.6401,1.1517000000003463
2,-8502.01543,-8495.5022,-8494.2069,-8495.5828,1.295300000001589
3,-8502.01543,-8495.5022,-8494.1532,-8495.459,1.34900000000016
1,-8502.01543,-8495.7244,-8494.726,-8495.6908,0.9983999999985826
1,-8502.01543,-8495.7244,-8494.7738,-8495.6476,0.9505999999983032
2,-8502.01543,-8495.7244,-8494.715,-8495.9706,1.0093999999990046
2,-8502.01543,-8495.7244,-8494.8731,-8495.7874,0.8512999999984459
3,-8502.01543,-8495.7244,-8494.5005,-8495.6767,1.2238999999990483
3,-8502.01543,-8495.7244,-8494.7494,-8495.9374,0.9749999999985448
2,-8502.01543,-8495.7244,-8494.3408,-8495.7277,1.3835999999992055
3,-8502.01543,-8495.7244,-8494.5081,-8495.7343,1.2163000000000466
3,-8502.01543,-8495.7244,-8494.5711,-8495.7804,1.1532999999999447
2,-8502.01543,-8495.7244,-8494.6156,-8495.714,1.1087999999999738
2,-8502.01543,-8495.7244,-8495.0145,-8495.7656,0.7098999999998341
1,-8502.01543,-8495.7244,-8494.7204,-8495.7514,1.003999999998996
2,-8502.01543,-8496.3853,-8495.2801,-8496.2986,1.105199999999968
2,-8502.01543,-8496.3853,-8495.1883,-8496.4341,1.1970000000001164
2,-8502.01543,-8496.3853,-8495.039,-8496.3534,1.3462999999992462
3,-8502.01543,-8496.3853,-8495.261,-8496.5791,1.1242999999994936
1,-8502.01543,-8496.3853,-8495.3921,-8496.398,0.9932000000007974
3,-8502.01543,-8496.3853,-8495.0601,-8496.5439,1.3251999999993131
2,-8502.01543,-8496.3853,-8495.3611,-8496.425,1.024199999999837
2,-8502.01543,-8496.3853,-8495.305,-8496.5182,1.0802999999996246
3,-8502.01543,-8496.3853,-8495.2697,-8496.5004,1.1155999999991764
1,-8502.01543,-8496.3853,-8495.1806,-8496.5255,1.20470000000023
3,-8502.01543,-8496.3853,-8495.1466,-8496.4835,1.2386999999998807
3,-8502.01543,-8496.3853,-8495.3223,-8496.5476,1.0630000000001019
3,-8502.01543,-8496.1854,-8495.0351,-8496.2567,1.1503000000011525
3,-8502.01543,-8496.1854,-8495.065,-8496.3988,1.1203999999997905
3,-8502.01543,-8496.1854,-8495.0708,-8496.4004,1.1146000000007916
2,-8502.01543,-8496.1854,-8495.1133,-8496.3104,1.0720999999994092
2,-8502.01543,-8496.1854,-8494.8581,-8496.3314,1.3273000000008324
3,-8502.01543,-8496.1854,-8494.82,-8496.1996,1.3654000000005908
2,-8502.01543,-8496.1854,-8494.83,-8496.2678,1.3554000000003725
3,-8502.01543,-8496.1854,-8494.9047,-8496.3619,1.2807000000011612
3,-8502.01543,-8496.1854,-8494.9073,-8496.4856,1.2780999999995402
2,-8502.01543,-8496.1854,-8495.3049,-8496.4752,0.8805000000011205
1,-8502.01543,-8496.1854,-8495.1617,-8496.3007,1.0236999999997352
3,-8502.01543,-8496.1854,-8495.0585,-8496.4562,1.1269000000011147
3,-8502.01543,-8496.2622,-8494.8679,-8496.3368,1.3942999999999302
3,-8502.01543,-8496.2622,-8495.1785,-8496.3599,1.0836999999992258
3,-8502.01543,-8496.2622,-8495.1521,-8496.4893,1.1100999999998749
2,-8502.01543,-8496.2622,-8495.396,-8496.6329,0.866199999998571
2,-8502.01543,-8496.2622,-8495.2015,-8496.5716,1.060699999999997
2,-8502.01543,-8496.2622,-8495.097,-8496.4104,1.1651999999994587
2,-8502.01543,-8496.2622,-8495.3219,-8496.6077,0.9402999999983876
1,-8502.01543,-8496.2622,-8495.3552,-8496.3357,0.9069999999992433
3,-8502.01543,-8496.2622,-8495.1278,-8496.4053,1.1343999999990046
2,-8502.01543,-8496.2622,-8495.0263,-8496.4199,1.235899999999674
2,-8502.01543,-8496.2622,-8495.0668,-8496.3988,1.195399999998699
3,-8502.01543,-8496.2622,-8495.1515,-8496.658,1.1106999999992695
3,-8502.01543,-8496.3309,-8495.2634,-8496.4292,1.0675000000010186
3,-8502.01543,-8496.3309,-8495.1099,-8496.413,1.2210000000013679
2,-8502.01543,-8496.3309,-8495.1496,-8496.3253,1.181300000000192
1,-8502.01543,-8496.3309,-8495.348,-8496.366,0.9829000000008818
3,-8502.01543,-8496.3309,-8494.8917,-8496.1784,1.4392000000007101
3,-8502.01543,-8496.3309,-8495.1879,-8496.27,1.143000000000029
3,-8502.01543,-8496.3309,-8495.3192,-8496.4774,1.0117000000009284
1,-8502.01543,-8496.3309,-8495.1516,-8496.302,1.1793000000016036
3,-8502.01543,-8496.3309,-8494.8756,-8496.2227,1.4553000000014435
2,-8502.01543,-8496.3309,-8495.0805,-8496.3959,1.250400000000809
1,-8502.01543,-8496.3309,-8495.3646,-8496.3134,0.9663000000000466
3,-8502.01543,-8496.3309,-8495.1881,-8496.4859,1.1428000000014435
2,-8502.01543,-8495.5828,-8494.2068,-8495.5022,1.3760000000002037
2,-8502.01543,-8495.5828,-8494.0764,-8495.444,1.5064000000002125
3,-8502.01543,-8495.5828,-8494.4785,-8495.4276,1.104300000000876
3,-8502.01543,-8495.5828,-8494.466,-8495.5074,1.1167999999997846
1,-8502.01543,-8495.5828,-8494.4892,-8495.5475,1.0936000000001513
1,-8502.01543,-8495.5828,-8494.8744,-8495.6774,0.7083999999995285
2,-8502.01543,-8495.5828,-8494.3088,-8495.5617,1.2739999999994325
3,-8502.01543,-8495.5828,-8494.2868,-8495.3139,1.2960000000002765
2,-8502.01543,-8495.5828,-8494.4627,-8495.4297,1.1201000000000931
3,-8502.01543,-8495.5828,-8494.309,-8495.4427,1.273800000000847
1,-8502.01543,-8495.5828,-8494.6355,-8495.5657,0.9472999999998137
1,-8502.01543,-8495.5828,-8494.4761,-8495.5078,1.1067000000002736
1,-8502.01543,-8495.5323,-8494.3989,-8495.4586,1.13340000000062
2,-8502.01543,-8495.5323,-8494.4652,-8495.5418,1.0671000000002095
3,-8502.01543,-8495.5323,-8494.475,-8495.698,1.0573000000003958
3,-8502.01543,-8495.5323,-8493.8331,-8495.2094,1.6992000000009284
3,-8502.01543,-8495.5323,-8494.2958,-8495.6648,1.2365000000008877
3,-8502.01543,-8495.5323,-8494.398,-8495.5212,1.1343000000015309
3,-8502.01543,-8495.5323,-8494.3814,-8495.5853,1.1509000000005472
3,-8502.01543,-8495.5323,-8494.5069,-8495.6104,1.0254000000004453
1,-8502.01543,-8495.5323,-8494.535,-8495.543,0.9973000000009051
3,-8502.01543,-8495.5323,-8494.3104,-8495.668,1.2219000000004598
1,-8502.01543,-8495.5323,-8494.2944,-8495.5711,1.2379000000000815
1,-8502.01543,-8495.5323,-8494.5058,-8495.5211,1.0264999999999418
3,-8502.01543,-8495.5276,-8494.4324,-8495.5392,1.0951999999997497
2,-8502.01543,-8495.5276,-8494.0774,-8495.3995,1.4501999999993131
2,-8502.01543,-8495.5276,-8494.2792,-8495.3844,1.2483999999985826
3,-8502.01543,-8495.5276,-8494.4729,-8495.6179,1.0546999999987747
3,-8502.01543,-8495.5276,-8494.3053,-8495.4472,1.22229999999945
1,-8502.01543,-8495.5276,-8494.592,-8495.5823,0.9355999999988853
2,-8502.01543,-8495.5276,-8494.348,-8495.6951,1.179599999999482
2,-8502.01543,-8495.5276,-8494.3228,-8495.4125,1.2047999999995227
3,-8502.01543,-8495.5276,-8494.3479,-8495.6363,1.1796999999987747
1,-8502.01543,-8495.5276,-8494.561,-8495.5174,0.9665999999997439
1,-8502.01543,-8495.5276,-8494.4162,-8495.5557,1.111399999999776
1,-8502.01543,-8495.5276,-8494.3529,-8495.5263,1.174699999999575
1,-8502.01543,-8495.7542,-8494.5546,-8495.6584,1.1995999999999185
3,-8502.01543,-8495.7542,-8494.5582,-8495.6076,1.1959999999999127
3,-8502.01543,-8495.7542,-8494.4675,-8495.6123,1.2866999999987456
1,-8502.01543,-8495.7542,-8494.4502,-8495.5537,1.3040000000000873
1,-8502.01543,-8495.7542,-8494.86,-8495.667,0.8941999999988184
1,-8502.01543,-8495.7542,-8494.6609,-8495.555,1.093299999998635
2,-8502.01543,-8495.7542,-8494.6408,-8495.4484,1.1134000000001834
3,-8502.01543,-8495.7542,-8494.311,-8495.4847,1.443199999999706
1,-8502.01543,-8495.7542,-8494.8153,-8495.527,0.9388999999991938
1,-8502.01543,-8495.7542,-8494.6237,-8495.5756,1.1304999999993015
1,-8502.01543,-8495.7542,-8494.7934,-8495.6769,0.9607999999989261
3,-8502.01543,-8495.7542,-8494.5067,-8495.7125,1.2474999999994907
1,-8502.01543,-8496.4598,-8495.282,-8496.3555,1.177800000001298
2,-8502.01543,-8496.4598,-8495.2714,-8496.4534,1.188400000000911
2,-8502.01543,-8496.4598,-8495.1725,-8496.3418,1.2872999999999593
2,-8502.01543,-8496.4598,-8495.2454,-8496.5292,1.2144000000007509
3,-8502.01543,-8496.4598,-8495.47,-8496.3518,0.9898000000011962
1,-8502.01543,-8496.4598,-8495.3246,-8496.3878,1.1352000000006228
3,-8502.01543,-8496.4598,-8495.6889,-8496.4716,0.7709000000013475
2,-8502.01543,-8496.4598,-8495.2841,-8496.4895,1.1756999999997788
1,-8502.01543,-8496.4598,-8495.3118,-8496.2943,1.1480000000010477
3,-8502.01543,-8496.4598,-8495.4134,-8496.4294,1.0464000000010856
2,-8502.01543,-8496.4598,-8495.1917,-8496.2159,1.2681000000011409
1,-8502.01543,-8496.4598,-8495.4244,-8496.3852,1.0354000000006636
1,-8502.01543,-8496.4015,-8495.4893,-8496.5124,0.9122000000006665
2,-8502.01543,-8496.4015,-8495.5034,-8496.4535,0.8981000000003405
3,-8502.01543,-8496.4015,-8495.2088,-8496.4503,1.1926999999996042
2,-8502.01543,-8496.4015,-8495.0616,-8496.4848,1.3398999999990338
2,-8502.01543,-8496.4015,-8495.4933,-8496.3795,0.9081999999998516
3,-8502.01543,-8496.4015,-8495.3413,-8496.3706,1.0601999999998952
1,-8502.01543,-8496.4015,-8495.3824,-8496.4374,1.0190999999995256
3,-8502.01543,-8496.4015,-8495.2671,-8496.3505,1.1344000000008236
3,-8502.01543,-8496.4015,-8495.1612,-8496.2791,1.240299999999479
1,-8502.01543,-8496.4015,-8495.3862,-8496.4331,1.0152999999991152
2,-8502.01543,-8496.4015,-8495.3489,-8496.67,1.0525999999990745
3,-8502.01543,-8496.4015,-8494.9677,-8496.342,1.4338000000007014
3,-8502.01543,-8496.264,-8495.1093,-8496.3891,1.1546999999991385
1,-8502.01543,-8496.264,-8495.2459,-8496.3162,1.0180999999993219
2,-8502.01543,-8496.264,-8495.24,-8496.4417,1.0239999999994325
1,-8502.01543,-8496.264,-8495.0788,-8496.2682,1.1851999999998952
2,-8502.01543,-8496.264,-8495.097,-8496.396,1.1669999999994616
3,-8502.01543,-8496.264,-8495.0088,-8496.2658,1.2551999999996042
3,-8502.01543,-8496.264,-8494.7824,-8496.3754,1.4815999999991618
3,-8502.01543,-8496.264,-8495.1805,-8496.3871,1.0834999999988213
3,-8502.01543,-8496.264,-8495.0036,-8496.1877,1.2603999999992084
3,-8502.01543,-8496.264,-8495.0174,-8496.2866,1.2465999999985797
3,-8502.01543,-8496.264,-8494.9994,-8496.3359,1.2645999999986088
3,-8502.01543,-8496.264,-8495.1833,-8496.3885,1.0806999999986147
2,-8502.01543,-8495.485,-8494.2429,-8495.5414,1.242100000001301
3,-8502.01543,-8495.485,-8494.2706,-8495.4108,1.2144000000007509
2,-8502.01543,-8495.485,-8494.4377,-8495.6256,1.0473000000001775
2,-8502.01543,-8495.485,-8494.3381,-8495.6554,1.1468999999997322
3,-8502.01543,-8495.485,-8494.3978,-8495.543,1.0871999999999389
2,-8502.01543,-8495.485,-8494.2081,-8495.465,1.2769000000007509
3,-8502.01543,-8495.485,-8494.4449,-8495.3465,1.040100000000166
2,-8502.01543,-8495.485,-8494.3409,-8495.485,1.1441000000013446
1,-8502.01543,-8495.485,-8494.3147,-8495.6724,1.17029999999977
1,-8502.01543,-8495.485,-8494.3203,-8495.5615,1.1647000000011758
3,-8502.01543,-8495.485,-8494.087,-8495.4938,1.3980000000010477
3,-8502.01543,-8495.485,-8494.3609,-8495.3814,1.124100000000908
2,-8502.01543,-8495.8428,-8494.646,-8495.7935,1.1967999999997119
1,-8502.01543,-8495.8428,-8494.8401,-8495.8593,1.0027000000009139
1,-8502.01543,-8495.8428,-8495.0702,-8495.8858,0.7726000000002387
1,-8502.01543,-8495.8428,-8494.5185,-8495.7266,1.3243000000002212
3,-8502.01543,-8495.8428,-8494.5744,-8495.8317,1.2684000000008382
2,-8502.01543,-8495.8428,-8494.5843,-8495.7211,1.2584999999999127
1,-8502.01543,-8495.8428,-8494.5857,-8495.6365,1.2571000000007189
3,-8502.01543,-8495.8428,-8494.4329,-8495.8542,1.4099000000005617
1,-8502.01543,-8495.8428,-8494.7444,-8495.6778,1.0984000000007654
2,-8502.01543,-8495.8428,-8494.7899,-8495.7453,1.0529000000005908
3,-8502.01543,-8495.8428,-8494.5635,-8495.6578,1.2793000000001484
3,-8502.01543,-8495.8428,-8494.5015,-8495.73,1.3413000000000466
1,-8502.01543,-8496.417,-8495.5469,-8496.4943,0.8701000000000931
2,-8502.01543,-8496.417,-8495.1323,-8496.3142,1.2847000000001572
2,-8502.01543,-8496.417,-8495.2991,-8496.4773,1.1178999999992811
1,-8502.01543,-8496.417,-8495.6075,-8496.5748,0.8094999999993888
3,-8502.01543,-8496.417,-8494.9021,-8496.1598,1.5149000000001251
1,-8502.01543,-8496.417,-8495.4999,-8496.5456,0.9170999999987544
3,-8502.01543,-8496.417,-8495.1031,-8496.2201,1.3138999999991938
3,-8502.01543,-8496.417,-8495.1543,-8496.1151,1.2626999999993131
3,-8502.01543,-8496.417,-8495.3468,-8496.3868,1.0702000000001135
3,-8502.01543,-8496.417,-8495.1078,-8496.5362,1.3091999999996915
1,-8502.01543,-8496.417,-8495.4073,-8496.3386,1.009699999998702
2,-8502.01543,-8496.417,-8495.3362,-8496.445,1.0807999999997264
2,-8502.01543,-8495.6379,-8494.3116,-8495.6758,1.3262999999988097
3,-8502.01543,-8495.6379,-8494.3685,-8495.7171,1.269399999999223
1,-8502.01543,-8495.6379,-8494.8557,-8495.7692,0.7821999999996478
3,-8502.01543,-8495.6379,-8494.3596,-8495.9638,1.2782999999999447
3,-8502.01543,-8495.6379,-8494.3828,-8495.6534,1.2551000000003114
3,-8502.01543,-8495.6379,-8494.3738,-8495.8059,1.264100000000326
3,-8502.01543,-8495.6379,-8494.5192,-8495.6144,1.1186999999990803
1,-8502.01543,-8495.6379,-8494.8301,-8495.8274,0.8078000000004977
3,-8502.01543,-8495.6379,-8494.7216,-8495.981,0.9162999999989552
3,-8502.01543,-8495.6379,-8494.4839,-8495.6732,1.154000000000451
1,-8502.01543,-8495.6379,-8494.3816,-8495.6566,1.2562999999991007
3,-8502.01543,-8495.6379,-8494.4342,-8495.8309,1.2037000000000262
3,-8502.01543,-8496.3408,-8495.2139,-8496.2041,1.1268999999992957
2,-8502.01543,-8496.3408,-8494.9604,-8496.3321,1.3804000000000087
3,-8502.01543,-8496.3408,-8495.2052,-8496.4014,1.135599999999613
2,-8502.01543,-8496.3408,-8495.1351,-8496.3782,1.2057000000004336
3,-8502.01543,-8496.3408,-8495.3062,-8496.348,1.0345999999990454
3,-8502.01543,-8496.3408,-8495.0714,-8496.3534,1.269399999999223
1,-8502.01543,-8496.3408,-8495.2935,-8496.5289,1.0473000000001775
3,-8502.01543,-8496.3408,-8495.5026,-8496.5429,0.8382000000001426
3,-8502.01543,-8496.3408,-8495.0443,-8496.2975,1.2965000000003783
2,-8502.01543,-8496.3408,-8494.8112,-8496.1483,1.5295999999998457
1,-8502.01543,-8496.3408,-8495.0909,-8496.3447,1.2499000000007072
1,-8502.01543,-8496.3408,-8495.2655,-8496.3733,1.075300000000425
3,-8502.01543,-8495.4333,-8494.447,-8495.523,0.9863000000004831
1,-8502.01543,-8495.4333,-8494.2041,-8495.3835,1.2291999999997643
2,-8502.01543,-8495.4333,-8493.9467,-8495.4643,1.4866000000001804
3,-8502.01543,-8495.4333,-8494.3266,-8495.6296,1.1067000000002736
3,-8502.01543,-8495.4333,-8494.2403,-8495.4845,1.1930000000011205
1,-8502.01543,-8495.4333,-8494.2387,-8495.3929,1.1946000000007189
3,-8502.01543,-8495.4333,-8494.2003,-8495.3758,1.2330000000001746
1,-8502.01543,-8495.4333,-8494.3518,-8495.5859,1.0815000000002328
3,-8502.01543,-8495.4333,-8494.4395,-8495.4118,0.9938000000001921
2,-8502.01543,-8495.4333,-8494.5537,-8495.7208,0.8796000000002095
1,-8502.01543,-8495.4333,-8494.4654,-8495.3663,0.9679000000014639
3,-8502.01543,-8495.4333,-8494.3879,-8495.4681,1.0454000000008818
1,-8502.01543,-8495.7105,-8494.469,-8495.6802,1.2415000000000873
3,-8502.01543,-8495.7105,-8494.5081,-8495.7423,1.2024000000001251
3,-8502.01543,-8495.7105,-8494.6942,-8495.7356,1.016299999999319
1,-8502.01543,-8495.7105,-8494.4406,-8495.6942,1.2698999999993248
3,-8502.01543,-8495.7105,-8494.4108,-8495.6863,1.299699999999575
2,-8502.01543,-8495.7105,-8494.4355,-8495.665,1.2749999999996362
1,-8502.01543,-8495.7105,-8494.8198,-8495.7116,0.8906999999999243
1,-8502.01543,-8495.7105,-8494.8016,-8495.8428,0.908899999998539
2,-8502.01543,-8495.7105,-8494.6057,-8495.7315,1.104799999999159
3,-8502.01543,-8495.7105,-8494.2598,-8495.5394,1.450699999999415
2,-8502.01543,-8495.7105,-8494.5741,-8495.5817,1.136399999999412
3,-8502.01543,-8495.7105,-8494.3323,-8495.7039,1.3781999999991967
2,-8502.01543,-8495.4734,-8494.5193,-8495.6144,0.9541000000008353
1,-8502.01543,-8495.4734,-8494.3346,-8495.4828,1.1388000000006286
2,-8502.01543,-8495.4734,-8494.3846,-8495.5788,1.0888000000013562
2,-8502.01543,-8495.4734,-8494.5498,-8495.6661,0.9236000000000786
2,-8502.01543,-8495.4734,-8494.6149,-8495.5783,0.8585000000002765
3,-8502.01543,-8495.4734,-8494.1062,-8495.3862,1.3672000000005937
3,-8502.01543,-8495.4734,-8494.4952,-8495.6288,0.9782000000013795
1,-8502.01543,-8495.4734,-8494.34,-8495.4556,1.13340000000062
1,-8502.01543,-8495.4734,-8494.4655,-8495.4829,1.007900000000518
2,-8502.01543,-8495.4734,-8494.5191,-8495.6174,0.9543000000012398
3,-8502.01543,-8495.4734,-8494.1406,-8495.5209,1.3328000000001339
2,-8502.01543,-8495.4734,-8494.1534,-8495.48,1.320000000001528
1,-8502.01543,-8496.417,-8495.5469,-8496.4943,0.8701000000000931
2,-8502.01543,-8496.417,-8495.1323,-8496.3142,1.2847000000001572
2,-8502.01543,-8496.417,-8495.2991,-8496.4773,1.1178999999992811
1,-8502.01543,-8496.417,-8495.6075,-8496.5748,0.8094999999993888
3,-8502.01543,-8496.417,-8494.9021,-8496.1598,1.5149000000001251
1,-8502.01543,-8496.417,-8495.4999,-8496.5456,0.9170999999987544
3,-8502.01543,-8496.417,-8495.1031,-8496.2201,1.3138999999991938
3,-8502.01543,-8496.417,-8495.1543,-8496.1151,1.2626999999993131
3,-8502.01543,-8496.417,-8495.3468,-8496.3868,1.0702000000001135
3,-8502.01543,-8496.417,-8495.1078,-8496.5362,1.3091999999996915
1,-8502.01543,-8496.417,-8495.4073,-8496.3386,1.009699999998702
2,-8502.01543,-8496.417,-8495.3362,-8496.445,1.0807999999997264
2,-8502.01543,-8495.6654,-8494.4521,-8495.7467,1.2132999999994354
2,-8502.01543,-8495.6654,-8494.7646,-8496.0794,0.9007999999994354
3,-8502.01543,-8495.6654,-8494.732,-8495.9749,0.9333999999998923
1,-8502.01543,-8495.6654,-8494.5327,-8495.6981,1.1327000000001135
3,-8502.01543,-8495.6654,-8494.6011,-8495.9002,1.064300000000003
3,-8502.01543,-8495.6654,-8494.5566,-8495.8903,1.1087999999999738
2,-8502.01543,-8495.6654,-8494.5777,-8495.7207,1.0877000000000407
2,-8502.01543,-8495.6654,-8494.6628,-8495.7081,1.002599999999802
1,-8502.01543,-8495.6654,-8494.6577,-8495.7571,1.0077000000001135
2,-8502.01543,-8495.6654,-8494.595,-8495.8418,1.070400000000518
2,-8502.01543,-8495.6654,-8494.4724,-8495.7506,1.1929999999993015
3,-8502.01543,-8495.6654,-8494.5986,-8495.829,1.0668000000005122
1,-8502.01543,-8496.4149,-8495.4263,-8496.5,0.9886000000005879
1,-8502.01543,-8496.4149,-8495.5509,-8496.5502,0.863999999999578
2,-8502.01543,-8496.4149,-8495.251,-8496.5471,1.1638999999995576
1,-8502.01543,-8496.4149,-8495.443,-8496.4033,0.9719000000004598
2,-8502.01543,-8496.4149,-8495.1158,-8496.339,1.2991000000001804
2,-8502.01543,-8496.4149,-8495.3811,-8496.5164,1.0337999999992462
1,-8502.01543,-8496.4149,-8495.515,-8496.3316,0.8999000000003434
1,-8502.01543,-8496.4149,-8495.4007,-8496.3514,1.0141999999996187
2,-8502.01543,-8496.4149,-8495.2448,-8496.349,1.1700999999993655
3,-8502.01543,-8496.4149,-8495.3824,-8496.5126,1.0324999999993452
2,-8502.01543,-8496.4149,-8495.3673,-8496.3411,1.0475999999998749
3,-8502.01543,-8496.4149,-8495.1759,-8496.278,1.238999999999578
1,-8502.01543,-8495.8113,-8494.7845,-8495.7762,1.0267999999996391
1,-8502.01543,-8495.8113,-8494.7814,-8495.8493,1.029899999999543
3,-8502.01543,-8495.8113,-8494.8028,-8495.7176,1.0084999999999127
2,-8502.01543,-8495.8113,-8494.6629,-8495.8914,1.1484000000000378
3,-8502.01543,-8495.8113,-8494.5961,-8495.9174,1.215199999998731
1,-8502.01543,-8495.8113,-8494.6551,-8495.7786,1.1561999999994441
1,-8502.01543,-8495.8113,-8494.7143,-8495.7134,1.0969999999997526
3,-8502.01543,-8495.8113,-8494.7298,-8495.7551,1.0815000000002328
2,-8502.01543,-8495.8113,-8494.646,-8495.9213,1.1652999999987514
3,-8502.01543,-8495.8113,-8494.5156,-8495.7729,1.2956999999987602
1,-8502.01543,-8495.8113,-8494.5316,-8495.6152,1.2796999999991385
2,-8502.01543,-8495.8113,-8494.7224,-8495.742,1.08889999999883
2,-8502.01543,-8495.7075,-8494.2633,-8495.6975,1.4441999999999098
1,-8502.01543,-8495.7075,-8494.7861,-8495.6819,0.9214000000010856
3,-8502.01543,-8495.7075,-8494.3048,-8495.5741,1.40270000000055
3,-8502.01543,-8495.7075,-8494.4544,-8495.5707,1.253099999999904
1,-8502.01543,-8495.7075,-8494.9018,-8495.8111,0.8057000000007974
2,-8502.01543,-8495.7075,-8494.349,-8495.7735,1.3585000000002765
2,-8502.01543,-8495.7075,-8494.7267,-8495.6782,0.9808000000011816
3,-8502.01543,-8495.7075,-8494.6489,-8495.7809,1.0586000000002969
1,-8502.01543,-8495.7075,-8494.7409,-8495.7835,0.9665999999997439
2,-8502.01543,-8495.7075,-8494.7459,-8495.8164,0.9616000000005442
2,-8502.01543,-8495.7075,-8494.4094,-8495.6655,1.2980999999999767
3,-8502.01543,-8495.7075,-8494.6063,-8495.7047,1.101200000000972
2,-8502.01543,-8496.4191,-8495.3037,-8496.4095,1.1153999999987718
3,-8502.01543,-8496.4191,-8494.9898,-8496.2873,1.4292999999997846
3,-8502.01543,-8496.4191,-8495.3133,-8496.5026,1.1057999999993626
3,-8502.01543,-8496.4191,-8494.9876,-8496.3873,1.4314999999987776
3,-8502.01543,-8496.4191,-8495.3788,-8496.4039,1.0402999999987514
2,-8502.01543,-8496.4191,-8495.1591,-8496.3469,1.2599999999983993
3,-8502.01543,-8496.4191,-8495.2803,-8496.4365,1.1387999999988097
3,-8502.01543,-8496.4191,-8495.1929,-8496.303,1.226199999999153
2,-8502.01543,-8496.4191,-8495.0437,-8496.4035,1.37539999999899
2,-8502.01543,-8496.4191,-8495.1864,-8496.4264,1.2326999999986583
2,-8502.01543,-8496.4191,-8495.2928,-8496.4673,1.126299999999901
1,-8502.01543,-8496.4191,-8495.6696,-8496.5657,0.7494999999998981
3,-8502.01543,-8496.2324,-8494.9538,-8496.3692,1.278600000001461
1,-8502.01543,-8496.2324,-8494.973,-8496.2538,1.2594000000008236
3,-8502.01543,-8496.2324,-8495.0639,-8496.2883,1.1685000000015862
3,-8502.01543,-8496.2324,-8495.0227,-8496.3644,1.2097000000012486
3,-8502.01543,-8496.2324,-8495.1974,-8496.3246,1.0350000000016735
3,-8502.01543,-8496.2324,-8495.3977,-8496.5523,0.8347000000012486
2,-8502.01543,-8496.2324,-8494.7954,-8496.3453,1.4369999999998981
3,-8502.01543,-8496.2324,-8495.1022,-8496.3121,1.1302000000014232
2,-8502.01543,-8496.2324,-8495.0411,-8496.5166,1.1913000000004104
3,-8502.01543,-8496.2324,-8495.3213,-8496.4757,0.91110000000117
3,-8502.01543,-8496.2324,-8495.3078,-8496.3742,0.9246000000002823
2,-8502.01543,-8496.2324,-8494.8762,-8496.0948,1.3562000000001717
3,-8502.01543,-8495.5137,-8494.1833,-8495.3026,1.3303999999989173
2,-8502.01543,-8495.5137,-8494.371,-8495.6123,1.1427000000003318
2,-8502.01543,-8495.5137,-8494.582,-8495.7402,0.9316999999991822
3,-8502.01543,-8495.5137,-8494.4321,-8495.5052,1.0815999999995256
1,-8502.01543,-8495.5137,-8494.5104,-8495.5771,1.0033000000003085
3,-8502.01543,-8495.5137,-8494.275,-8495.5309,1.2386999999998807
3,-8502.01543,-8495.5137,-8494.3112,-8495.5685,1.202499999999418
2,-8502.01543,-8495.5137,-8494.248,-8495.6312,1.2656999999999243
2,-8502.01543,-8495.5137,-8494.3408,-8495.5536,1.1728999999995722
3,-8502.01543,-8495.5137,-8494.485,-8495.6419,1.0286999999989348
2,-8502.01543,-8495.5137,-8494.5278,-8495.5806,0.985899999999674
2,-8502.01543,-8495.5137,-8494.5839,-8495.6365,0.9297999999998865
2,-8502.01543,-8496.4953,-8495.1099,-8496.2573,1.3854000000010274
2,-8502.01543,-8496.4953,-8495.1796,-8496.4205,1.3157000000010157
3,-8502.01543,-8496.4953,-8495.3474,-8496.4571,1.147899999999936
1,-8502.01543,-8496.4953,-8495.3806,-8496.5121,1.1147000000000844
3,-8502.01543,-8496.4953,-8495.2877,-8496.2845,1.2075999999997293
1,-8502.01543,-8496.4953,-8495.3996,-8496.5596,1.0956999999998516
1,-8502.01543,-8496.4953,-8495.2853,-8496.4586,1.2100000000009459
3,-8502.01543,-8496.4953,-8495.2221,-8496.3839,1.2731999999996333
1,-8502.01543,-8496.4953,-8495.7312,-8496.545,0.764100000000326
2,-8502.01543,-8496.4953,-8495.4927,-8496.4314,1.002599999999802
3,-8502.01543,-8496.4953,-8495.5618,-8496.563,0.9335000000010041
3,-8502.01543,-8496.4953,-8495.1604,-8496.2342,1.334899999999834
1,-8502.01543,-8495.6507,-8494.5579,-8495.7105,1.0928000000003522
1,-8502.01543,-8495.6507,-8494.4905,-8495.7786,1.160200000000259
3,-8502.01543,-8495.6507,-8494.5003,-8495.5706,1.1504000000004453
3,-8502.01543,-8495.6507,-8494.2871,-8495.4329,1.363600000000588
2,-8502.01543,-8495.6507,-8494.4497,-8495.5368,1.2010000000009313
1,-8502.01543,-8495.6507,-8494.3985,-8495.6602,1.252200000000812
3,-8502.01543,-8495.6507,-8494.3649,-8495.3748,1.2857999999996537
3,-8502.01543,-8495.6507,-8494.2713,-8495.4788,1.379399999999805
3,-8502.01543,-8495.6507,-8494.302,-8495.5563,1.3487000000004628
1,-8502.01543,-8495.6507,-8494.8452,-8495.6385,0.8055000000003929
2,-8502.01543,-8495.6507,-8494.4636,-8495.4837,1.18710000000101
3,-8502.01543,-8495.6507,-8494.2462,-8495.401,1.404500000000553
2,-8502.01543,-8495.6981,-8494.5577,-8495.7219,1.140400000000227
2,-8502.01543,-8495.6981,-8494.5663,-8495.6698,1.1317999999992026
2,-8502.01543,-8495.6981,-8494.6201,-8495.6205,1.0779999999995198
2,-8502.01543,-8495.6981,-8494.8241,-8495.9569,0.8739999999997963
3,-8502.01543,-8495.6981,-8494.6185,-8495.7346,1.0795999999991182
2,-8502.01543,-8495.6981,-8494.3516,-8495.7218,1.3464999999996508
1,-8502.01543,-8495.6981,-8494.6145,-8495.7743,1.083599999999933
2,-8502.01543,-8495.6981,-8494.3045,-8495.7195,1.3935999999994237
1,-8502.01543,-8495.6981,-8494.6917,-8495.7038,1.0064000000002125
3,-8502.01543,-8495.6981,-8494.3571,-8495.8237,1.3410000000003492
1,-8502.01543,-8495.6981,-8494.5327,-8495.6654,1.1653999999998632
3,-8502.01543,-8495.6981,-8494.3447,-8495.7778,1.353399999999965
3,-8502.01543,-8495.4698,-8494.1818,-8495.511,1.2880000000004657
3,-8502.01543,-8495.4698,-8494.4328,-8495.5594,1.037000000000262
3,-8502.01543,-8495.4698,-8494.2932,-8495.4787,1.1766000000006898
3,-8502.01543,-8495.4698,-8494.1153,-8495.5515,1.3545000000012806
1,-8502.01543,-8495.4698,-8494.5277,-8495.5177,0.9421000000002095
3,-8502.01543,-8495.4698,-8494.4551,-8495.727,1.0147000000015396
2,-8502.01543,-8495.4698,-8494.3551,-8495.5668,1.1147000000000844
3,-8502.01543,-8495.4698,-8494.3289,-8495.4729,1.1409000000003289
3,-8502.01543,-8495.4698,-8494.3686,-8495.5305,1.101200000000972
1,-8502.01543,-8495.4698,-8494.4524,-8495.5529,1.0174000000006345
3,-8502.01543,-8495.4698,-8494.2996,-8495.7637,1.1702000000004773
3,-8502.01543,-8495.4698,-8494.3042,-8495.5494,1.1656000000002678
2,-8502.01543,-8495.5572,-8494.3501,-8495.5905,1.2070999999996275
1,-8502.01543,-8495.5572,-8494.6539,-8495.5808,0.9032999999999447
2,-8502.01543,-8495.5572,-8494.3228,-8495.4441,1.2343999999993684
3,-8502.01543,-8495.5572,-8494.4805,-8495.4343,1.0766999999996187
3,-8502.01543,-8495.5572,-8494.4857,-8495.6295,1.0715000000000146
3,-8502.01543,-8495.5572,-8494.3485,-8495.5964,1.2086999999992258
1,-8502.01543,-8495.5572,-8494.357,-8495.5112,1.2001999999993131
1,-8502.01543,-8495.5572,-8494.4488,-8495.5231,1.1083999999991647
1,-8502.01543,-8495.5572,-8494.5237,-8495.5461,1.033499999999549
2,-8502.01543,-8495.5572,-8494.5551,-8495.5749,1.0020999999997002
3,-8502.01543,-8495.5572,-8494.3445,-8495.4624,1.2127000000000407
1,-8502.01543,-8495.5572,-8494.4779,-8495.4641,1.0792999999994208
1,-8502.01543,-8495.4742,-8494.5127,-8495.6129,0.9615000000012515
3,-8502.01543,-8495.4742,-8494.3867,-8495.4659,1.0875000000014552
2,-8502.01543,-8495.4742,-8494.2981,-8495.6438,1.176100000000588
3,-8502.01543,-8495.4742,-8494.3706,-8495.3623,1.1036000000003696
2,-8502.01543,-8495.4742,-8494.4005,-8495.4283,1.0737000000008265
1,-8502.01543,-8495.4742,-8494.7283,-8495.6689,0.7458999999998923
1,-8502.01543,-8495.4742,-8494.409,-8495.5467,1.0652000000009139
3,-8502.01543,-8495.4742,-8493.9933,-8495.368,1.4809000000004744
2,-8502.01543,-8495.4742,-8494.3167,-8495.6024,1.1575000000011642
1,-8502.01543,-8495.4742,-8494.5658,-8495.5217,0.9084000000002561
3,-8502.01543,-8495.4742,-8494.389,-8495.6731,1.0852000000013504
1,-8502.01543,-8495.4742,-8494.385,-8495.442,1.0892000000003463
2,-8502.01543,-8495.636,-8494.5217,-8495.7414,1.1143000000010943
3,-8502.01543,-8495.636,-8494.4243,-8495.7678,1.211699999999837
2,-8502.01543,-8495.636,-8494.508,-8495.6896,1.1280000000006112
2,-8502.01543,-8495.636,-8494.3818,-8495.7377,1.2542000000012195
2,-8502.01543,-8495.636,-8494.639,-8495.747,0.9970000000012078
3,-8502.01543,-8495.636,-8494.6631,-8495.7924,0.9729000000006636
2,-8502.01543,-8495.636,-8494.3467,-8495.5628,1.2893000000003667
2,-8502.01543,-8495.636,-8494.6668,-8495.6177,0.969199999999546
1,-8502.01543,-8495.636,-8494.5764,-8495.7316,1.0596000000005006
2,-8502.01543,-8495.636,-8494.3106,-8495.7321,1.3253999999997177
2,-8502.01543,-8495.636,-8494.6047,-8495.707,1.0313000000005559
2,-8502.01543,-8495.636,-8494.6829,-8495.8299,0.9531000000006316
2,-8502.01543,-8495.7583,-8494.6284,-8495.9034,1.1298999999999069
2,-8502.01543,-8495.7583,-8494.6294,-8495.715,1.1288999999997031
2,-8502.01543,-8495.7583,-8494.5189,-8495.7178,1.239400000000387
1,-8502.01543,-8495.7583,-8494.9016,-8495.7276,0.8567000000002736
1,-8502.01543,-8495.7583,-8494.8447,-8495.837,0.9135999999998603
2,-8502.01543,-8495.7583,-8494.5853,-8495.8201,1.172999999998865
1,-8502.01543,-8495.7583,-8494.7834,-8495.8188,0.974899999999252
1,-8502.01543,-8495.7583,-8494.7952,-8495.7853,0.9630999999990308
3,-8502.01543,-8495.7583,-8494.7146,-8495.6685,1.0437000000001717
3,-8502.01543,-8495.7583,-8494.9397,-8495.9711,0.8185999999986961
1,-8502.01543,-8495.7583,-8494.8648,-8495.7205,0.893500000000131
3,-8502.01543,-8495.7583,-8494.6513,-8495.8795,1.106999999999971
3,-8502.01543,-8495.5794,-8494.2726,-8495.3817,1.306800000000294
2,-8502.01543,-8495.5794,-8494.3523,-8495.5081,1.227100000000064
3,-8502.01543,-8495.5794,-8494.3957,-8495.6023,1.1837000000014086
1,-8502.01543,-8495.5794,-8494.4454,-8495.6453,1.1340000000000146
2,-8502.01543,-8495.5794,-8494.2698,-8495.4784,1.3096000000005006
3,-8502.01543,-8495.5794,-8494.3178,-8495.4224,1.2615999999998166
2,-8502.01543,-8495.5794,-8494.6165,-8495.6031,0.9629000000004453
3,-8502.01543,-8495.5794,-8494.3564,-8495.5621,1.2229999999999563
1,-8502.01543,-8495.5794,-8494.3952,-8495.5347,1.1841999999996915
3,-8502.01543,-8495.5794,-8494.2179,-8495.3419,1.3615000000008877
2,-8502.01543,-8495.5794,-8494.3953,-8495.7233,1.1841000000003987
1,-8502.01543,-8495.5794,-8494.64,-8495.6762,0.9394000000011147
2,-8502.01543,-8496.4241,-8495.2297,-8496.5056,1.1944000000003143
3,-8502.01543,-8496.4241,-8495.4931,-8496.3918,0.9310000000004948
2,-8502.01543,-8496.4241,-8495.1513,-8496.3574,1.2728000000006432
3,-8502.01543,-8496.4241,-8495.2178,-8496.2835,1.2062999999998283
2,-8502.01543,-8496.4241,-8495.3753,-8496.4414,1.0488000000004831
1,-8502.01543,-8496.4241,-8495.3219,-8496.449,1.1021999999993568
3,-8502.01543,-8496.4241,-8495.3693,-8496.5874,1.0547999999998865
2,-8502.01543,-8496.4241,-8495.1014,-8496.4469,1.3227000000006228
2,-8502.01543,-8496.4241,-8495.1568,-8496.4137,1.2672999999995227
3,-8502.01543,-8496.4241,-8495.4723,-8496.5157,0.9518000000007305
2,-8502.01543,-8496.4241,-8495.0786,-8496.4985,1.345499999999447
3,-8502.01543,-8496.4241,-8495.2168,-8496.3713,1.207300000000032
1,-8502.01543,-8495.8113,-8494.7845,-8495.7762,1.0267999999996391
1,-8502.01543,-8495.8113,-8494.7814,-8495.8493,1.029899999999543
3,-8502.01543,-8495.8113,-8494.8028,-8495.7176,1.0084999999999127
2,-8502.01543,-8495.8113,-8494.6629,-8495.8914,1.1484000000000378
3,-8502.01543,-8495.8113,-8494.5961,-8495.9174,1.215199999998731
1,-8502.01543,-8495.8113,-8494.6551,-8495.7786,1.1561999999994441
1,-8502.01543,-8495.8113,-8494.7143,-8495.7134,1.0969999999997526
3,-8502.01543,-8495.8113,-8494.7298,-8495.7551,1.0815000000002328
2,-8502.01543,-8495.8113,-8494.646,-8495.9213,1.1652999999987514
3,-8502.01543,-8495.8113,-8494.5156,-8495.7729,1.2956999999987602
1,-8502.01543,-8495.8113,-8494.5316,-8495.6152,1.2796999999991385
2,-8502.01543,-8495.8113,-8494.7224,-8495.742,1.08889999999883
3,-8502.01543,-8495.6909,-8494.5183,-8495.4755,1.1725999999998749
2,-8502.01543,-8495.6909,-8494.488,-8495.6419,1.202900000000227
3,-8502.01543,-8495.6909,-8494.5772,-8495.4318,1.1136999999998807
3,-8502.01543,-8495.6909,-8494.2018,-8495.4411,1.4890999999988708
3,-8502.01543,-8495.6909,-8494.3051,-8495.3854,1.3858000000000175
1,-8502.01543,-8495.6909,-8494.6165,-8495.6476,1.074399999999514
2,-8502.01543,-8495.6909,-8494.5901,-8495.8293,1.100800000000163
1,-8502.01543,-8495.6909,-8494.7259,-8495.7244,0.9650000000001455
3,-8502.01543,-8495.6909,-8494.6027,-8495.6253,1.0882000000001426
2,-8502.01543,-8495.6909,-8494.2253,-8495.6333,1.4655999999995402
3,-8502.01543,-8495.6909,-8494.4835,-8495.5283,1.2073999999993248
2,-8502.01543,-8495.6909,-8494.2724,-8495.5277,1.4184999999997672
2,-8502.01543,-8496.0961,-8495.184,-8496.2583,0.9121000000013737
3,-8502.01543,-8496.0961,-8495.2416,-8496.4257,0.8545000000012806
2,-8502.01543,-8496.0961,-8495.1275,-8496.2974,0.9686000000001513
3,-8502.01543,-8496.0961,-8495.0109,-8496.4245,1.0852000000013504
3,-8502.01543,-8496.0961,-8495.1013,-8496.413,0.9948000000003958
2,-8502.01543,-8496.0961,-8495.0531,-8496.4391,1.0430000000014843
3,-8502.01543,-8496.0961,-8495.0581,-8496.1802,1.0380000000004657
2,-8502.01543,-8496.0961,-8494.9085,-8496.5775,1.1876000000011118
3,-8502.01543,-8496.0961,-8494.9781,-8496.3318,1.118000000000393
3,-8502.01543,-8496.0961,-8494.7523,-8496.2293,1.3438000000005559
1,-8502.01543,-8496.0961,-8494.9802,-8496.1917,1.1159000000006927
3,-8502.01543,-8496.0961,-8494.9532,-8496.4161,1.1429000000007363
2,-8502.01543,-8495.6741,-8494.3474,-8495.739,1.3266999999996187
3,-8502.01543,-8495.6741,-8494.5877,-8495.628,1.0864000000001397
3,-8502.01543,-8495.6741,-8494.5401,-8495.5952,1.1340000000000146
1,-8502.01543,-8495.6741,-8494.5778,-8495.7959,1.0963000000010652
3,-8502.01543,-8495.6741,-8494.3277,-8495.7301,1.346400000000358
3,-8502.01543,-8495.6741,-8494.6481,-8495.6573,1.02599999999984
2,-8502.01543,-8495.6741,-8494.5675,-8495.6054,1.1066000000009808
2,-8502.01543,-8495.6741,-8494.3621,-8495.5832,1.3119999999998981
2,-8502.01543,-8495.6741,-8494.504,-8495.5316,1.1700999999993655
2,-8502.01543,-8495.6741,-8494.464,-8495.4333,1.2101000000002387
2,-8502.01543,-8495.6741,-8494.6633,-8495.6733,1.0108000000000175
2,-8502.01543,-8495.6741,-8494.5264,-8495.7389,1.1476999999995314
1,-8502.01543,-8495.7205,-8494.8647,-8495.7583,0.8557999999993626
2,-8502.01543,-8495.7205,-8494.5214,-8495.6342,1.1990999999998166
1,-8502.01543,-8495.7205,-8494.6614,-8495.7853,1.0590999999985797
3,-8502.01543,-8495.7205,-8494.3982,-8495.5072,1.3222999999998137
3,-8502.01543,-8495.7205,-8494.687,-8495.8017,1.033499999999549
3,-8502.01543,-8495.7205,-8494.496,-8495.6204,1.224500000000262
1,-8502.01543,-8495.7205,-8494.4907,-8495.824,1.229799999999159
3,-8502.01543,-8495.7205,-8494.5579,-8495.7191,1.1625999999996566
2,-8502.01543,-8495.7205,-8494.3217,-8495.6504,1.398799999999028
1,-8502.01543,-8495.7205,-8494.6347,-8495.7544,1.085799999998926
3,-8502.01543,-8495.7205,-8494.6252,-8495.6257,1.0952999999990425
1,-8502.01543,-8495.7205,-8494.6649,-8495.7144,1.0555999999996857
2,-8502.01543,-8495.6827,-8494.2342,-8495.4283,1.448499999998603
1,-8502.01543,-8495.6827,-8494.6879,-8495.7167,0.9947999999985768
1,-8502.01543,-8495.6827,-8494.7786,-8495.7533,0.9040999999997439
1,-8502.01543,-8495.6827,-8494.7942,-8495.6209,0.8884999999991123
1,-8502.01543,-8495.6827,-8494.752,-8495.606,0.9306999999989785
3,-8502.01543,-8495.6827,-8494.5563,-8495.4829,1.1263999999991938
2,-8502.01543,-8495.6827,-8494.4377,-8495.648,1.2449999999989814
2,-8502.01543,-8495.6827,-8494.5679,-8495.5142,1.1147999999993772
3,-8502.01543,-8495.6827,-8494.3544,-8495.4408,1.328299999999217
1,-8502.01543,-8495.6827,-8494.7608,-8495.6114,0.9218999999993684
3,-8502.01543,-8495.6827,-8494.4073,-8495.3794,1.2753999999986263
2,-8502.01543,-8495.6827,-8494.362,-8495.5197,1.3207000000002154
3,-8502.01543,-8495.553,-8494.3603,-8495.5996,1.1926999999996042
3,-8502.01543,-8495.553,-8494.4781,-8495.6463,1.0748999999996158
2,-8502.01543,-8495.553,-8494.1175,-8495.5046,1.4354999999995925
3,-8502.01543,-8495.553,-8494.4196,-8495.3932,1.13340000000062
1,-8502.01543,-8495.553,-8494.5793,-8495.5638,0.9737000000004628
2,-8502.01543,-8495.553,-8494.4089,-8495.6643,1.1440999999995256
2,-8502.01543,-8495.553,-8494.2371,-8495.491,1.3158999999996013
3,-8502.01543,-8495.553,-8494.4421,-8495.6821,1.110899999999674
1,-8502.01543,-8495.553,-8494.5777,-8495.5411,0.9753000000000611
3,-8502.01543,-8495.553,-8494.131,-8495.5702,1.4220000000004802
3,-8502.01543,-8495.553,-8494.1688,-8495.4225,1.384200000000419
3,-8502.01543,-8495.553,-8494.6268,-8495.6987,0.9261999999998807
3,-8502.01543,-8496.4099,-8495.2999,-8496.1982,1.110000000000582
3,-8502.01543,-8496.4099,-8495.1089,-8496.4274,1.3010000000012951
2,-8502.01543,-8496.4099,-8495.1791,-8496.3268,1.2308000000011816
2,-8502.01543,-8496.4099,-8495.3979,-8496.4162,1.0120000000006257
2,-8502.01543,-8496.4099,-8495.0963,-8496.3449,1.3136000000013155
1,-8502.01543,-8496.4099,-8495.4009,-8496.505,1.0090000000000146
3,-8502.01543,-8496.4099,-8495.3086,-8496.4673,1.1013000000002648
1,-8502.01543,-8496.4099,-8495.3406,-8496.4577,1.0693000000010215
2,-8502.01543,-8496.4099,-8495.2204,-8496.3612,1.1895000000004075
3,-8502.01543,-8496.4099,-8495.2275,-8496.433,1.1823999999996886
2,-8502.01543,-8496.4099,-8495.3309,-8496.492,1.0789999999997235
2,-8502.01543,-8496.4099,-8495.4961,-8496.4394,0.9138000000002648
3,-8502.01543,-8495.7115,-8494.6459,-8495.7286,1.065599999999904
2,-8502.01543,-8495.7115,-8494.4396,-8495.717,1.2718999999997322
2,-8502.01543,-8495.7115,-8494.2588,-8495.747,1.4526999999998225
3,-8502.01543,-8495.7115,-8494.8003,-8495.6953,0.9111999999986438
2,-8502.01543,-8495.7115,-8494.6642,-8495.8018,1.0473000000001775
1,-8502.01543,-8495.7115,-8494.7379,-8495.659,0.973599999999351
1,-8502.01543,-8495.7115,-8494.6737,-8495.7819,1.0378000000000611
3,-8502.01543,-8495.7115,-8494.6135,-8495.6868,1.0979999999999563
1,-8502.01543,-8495.7115,-8494.469,-8495.7883,1.242500000000291
2,-8502.01543,-8495.7115,-8494.7378,-8495.7751,0.9736999999986438
1,-8502.01543,-8495.7115,-8494.8979,-8495.7388,0.8135999999994965
3,-8502.01543,-8495.7115,-8494.6603,-8495.9035,1.0511999999998807
3,-8502.01543,-8496.4342,-8495.1297,-8496.2583,1.3045000000001892
2,-8502.01543,-8496.4342,-8495.0569,-8496.394,1.3773000000001048
3,-8502.01543,-8496.4342,-8495.4254,-8496.5916,1.00879999999961
1,-8502.01543,-8496.4342,-8495.1864,-8496.5482,1.247799999999188
3,-8502.01543,-8496.4342,-8495.1195,-8496.1589,1.314699999998993
3,-8502.01543,-8496.4342,-8495.1447,-8496.311,1.2894999999989523
3,-8502.01543,-8496.4342,-8495.257,-8496.3397,1.1772000000000844
3,-8502.01543,-8496.4342,-8494.853,-8496.2269,1.5812000000005355
3,-8502.01543,-8496.4342,-8495.445,-8496.45,0.9891999999999825
1,-8502.01543,-8496.4342,-8495.3661,-8496.4379,1.0681000000004133
2,-8502.01543,-8496.4342,-8495.1644,-8496.4648,1.269800000000032
1,-8502.01543,-8496.4342,-8495.3056,-8496.4489,1.1286000000000058
2,-8502.01543,-8495.7593,-8494.6805,-8495.8052,1.078799999999319
1,-8502.01543,-8495.7593,-8494.63,-8495.7034,1.1293000000005122
3,-8502.01543,-8495.7593,-8494.5905,-8495.6442,1.1687999999994645
2,-8502.01543,-8495.7593,-8494.4041,-8495.5386,1.355199999999968
2,-8502.01543,-8495.7593,-8494.3844,-8495.6519,1.3748999999988882
1,-8502.01543,-8495.7593,-8494.9397,-8495.9664,0.8195999999988999
1,-8502.01543,-8495.7593,-8494.9042,-8495.7822,0.8550999999988562
1,-8502.01543,-8495.7593,-8494.5969,-8495.7012,1.162399999999252
1,-8502.01543,-8495.7593,-8494.6778,-8495.8458,1.0815000000002328
3,-8502.01543,-8495.7593,-8494.5242,-8495.7169,1.2350999999998749
1,-8502.01543,-8495.7593,-8494.7199,-8495.7203,1.0393999999996595
3,-8502.01543,-8495.7593,-8494.4368,-8495.5079,1.3225000000002183
2,-8502.01543,-8496.5318,-8495.3475,-8496.5515,1.1843000000008033
3,-8502.01543,-8496.5318,-8495.5698,-8496.3873,0.9620000000013533
3,-8502.01543,-8496.5318,-8495.5828,-8496.5527,0.9490000000005239
1,-8502.01543,-8496.5318,-8495.3686,-8496.4743,1.1632000000008702
3,-8502.01543,-8496.5318,-8495.1733,-8496.4219,1.3585000000002765
3,-8502.01543,-8496.5318,-8495.4718,-8496.3723,1.0600000000013097
1,-8502.01543,-8496.5318,-8495.2497,-8496.3687,1.282100000000355
3,-8502.01543,-8496.5318,-8495.4007,-8496.4572,1.1311000000005151
2,-8502.01543,-8496.5318,-8495.3469,-8496.5023,1.184900000000198
2,-8502.01543,-8496.5318,-8495.0972,-8496.3416,1.4346000000005006
1,-8502.01543,-8496.5318,-8495.4575,-8496.4641,1.0743000000002212
1,-8502.01543,-8496.5318,-8495.3373,-8496.4263,1.194500000001426
3,-8502.01543,-8496.4674,-8495.317,-8496.5048,1.1504000000004453
3,-8502.01543,-8496.4674,-8495.101,-8496.2211,1.3663999999989755
2,-8502.01543,-8496.4674,-8494.9261,-8496.2798,1.5412999999989552
3,-8502.01543,-8496.4674,-8495.1729,-8496.3251,1.294499999999971
3,-8502.01543,-8496.4674,-8494.9752,-8496.1983,1.4921999999987747
3,-8502.01543,-8496.4674,-8495.3498,-8496.3801,1.1175999999995838
2,-8502.01543,-8496.4674,-8495.2156,-8496.3787,1.251800000000003
2,-8502.01543,-8496.4674,-8495.0273,-8496.389,1.440099999999802
3,-8502.01543,-8496.4674,-8495.3085,-8496.4099,1.158900000000358
1,-8502.01543,-8496.4674,-8495.5584,-8496.6072,0.9089999999996508
2,-8502.01543,-8496.4674,-8495.3026,-8496.4688,1.1647999999986496
1,-8502.01543,-8496.4674,-8495.3715,-8496.4857,1.0959000000002561
1,-8502.01543,-8495.8082,-8494.6788,-8495.6318,1.129399999999805
2,-8502.01543,-8495.8082,-8494.7998,-8495.7542,1.008399999998801
3,-8502.01543,-8495.8082,-8494.7007,-8495.8046,1.1075000000000728
1,-8502.01543,-8495.8082,-8494.846,-8495.6472,0.9621999999999389
3,-8502.01543,-8495.8082,-8494.3732,-8495.6317,1.4349999999994907
1,-8502.01543,-8495.8082,-8494.8506,-8495.6991,0.9575999999997293
1,-8502.01543,-8495.8082,-8494.8586,-8495.6948,0.9495999999999185
1,-8502.01543,-8495.8082,-8494.7877,-8495.6982,1.0204999999987194
2,-8502.01543,-8495.8082,-8494.7987,-8495.8471,1.0095000000001164
2,-8502.01543,-8495.8082,-8494.6444,-8495.742,1.1638000000002648
1,-8502.01543,-8495.8082,-8494.7471,-8495.7405,1.0610999999989872
3,-8502.01543,-8495.8082,-8494.6939,-8495.7767,1.1142999999992753
1,-8502.01543,-8496.4544,-8495.4194,-8496.4107,1.0349999999998545
3,-8502.01543,-8496.4544,-8495.4114,-8496.3423,1.0429999999996653
3,-8502.01543,-8496.4544,-8495.6076,-8496.3844,0.8468000000011671
2,-8502.01543,-8496.4544,-8495.2215,-8496.3605,1.2329000000008818
1,-8502.01543,-8496.4544,-8495.3366,-8496.4771,1.1177999999999884
3,-8502.01543,-8496.4544,-8495.3371,-8496.4663,1.1172999999998865
1,-8502.01543,-8496.4544,-8495.4312,-8496.4105,1.0231999999996333
2,-8502.01543,-8496.4544,-8494.8718,-8496.3907,1.5825999999997293
3,-8502.01543,-8496.4544,-8495.2938,-8496.503,1.160600000001068
1,-8502.01543,-8496.4544,-8495.3024,-8496.4562,1.1520000000000437
3,-8502.01543,-8496.4544,-8495.3055,-8496.6375,1.1489000000001397
1,-8502.01543,-8496.4544,-8495.1526,-8496.4116,1.3018000000010943
2,-8502.01543,-8496.4968,-8494.8534,-8496.3885,1.6434000000008382
3,-8502.01543,-8496.4968,-8495.1119,-8496.3481,1.3849000000009255
3,-8502.01543,-8496.4968,-8495.2997,-8496.5108,1.1971000000012282
2,-8502.01543,-8496.4968,-8494.9775,-8496.4779,1.5192999999999302
1,-8502.01543,-8496.4968,-8495.5063,-8496.5005,0.9905000000017026
3,-8502.01543,-8496.4968,-8495.3246,-8496.3327,1.1722000000008848
3,-8502.01543,-8496.4968,-8495.4318,-8496.3969,1.0650000000005093
2,-8502.01543,-8496.4968,-8495.4735,-8496.3908,1.023300000000745
1,-8502.01543,-8496.4968,-8495.2465,-8496.4972,1.2503000000015163
1,-8502.01543,-8496.4968,-8495.5948,-8496.4861,0.9020000000000437
2,-8502.01543,-8496.4968,-8495.1409,-8496.3719,1.3559000000004744
3,-8502.01543,-8496.4968,-8495.545,-8496.3871,0.9518000000007305
1,-8502.01543,-8496.3823,-8495.3576,-8496.3372,1.0246999999999389
2,-8502.01543,-8496.3823,-8495.1572,-8496.4398,1.2250999999996566
1,-8502.01543,-8496.3823,-8495.4878,-8496.4998,0.8944999999985157
2,-8502.01543,-8496.3823,-8495.1986,-8496.6161,1.1836999999995896
1,-8502.01543,-8496.3823,-8495.5921,-8496.4596,0.7901999999994587
1,-8502.01543,-8496.3823,-8495.6337,-8496.5489,0.7485999999989872
1,-8502.01543,-8496.3823,-8495.4224,-8496.4172,0.9598999999998341
2,-8502.01543,-8496.3823,-8495.2714,-8496.6959,1.110899999999674
1,-8502.01543,-8496.3823,-8495.5587,-8496.3561,0.8235999999997148
2,-8502.01543,-8496.3823,-8495.3048,-8496.5949,1.077499999999418
3,-8502.01543,-8496.3823,-8495.3273,-8496.1876,1.054999999998472
2,-8502.01543,-8496.3823,-8495.3033,-8496.6003,1.0789999999997235
1,-8502.01543,-8495.6554,-8494.6749,-8495.6069,0.9804999999996653
2,-8502.01543,-8495.6554,-8494.2156,-8495.5077,1.4398000000001048
3,-8502.01543,-8495.6554,-8494.3901,-8495.7138,1.2652999999991152
3,-8502.01543,-8495.6554,-8494.3604,-8495.6043,1.2950000000000728
2,-8502.01543,-8495.6554,-8494.7066,-8495.6256,0.9488000000001193
3,-8502.01543,-8495.6554,-8494.7413,-8495.7047,0.9140999999999622
2,-8502.01543,-8495.6554,-8494.3381,-8495.485,1.317299999998795
3,-8502.01543,-8495.6554,-8494.4715,-8495.7298,1.1838999999999942
1,-8502.01543,-8495.6554,-8494.706,-8495.7211,0.949399999999514
3,-8502.01543,-8495.6554,-8494.4996,-8495.4843,1.155800000000454
2,-8502.01543,-8495.6554,-8494.5681,-8495.485,1.0872999999992317
3,-8502.01543,-8495.6554,-8494.5553,-8495.7309,1.1000999999996566
3,-8502.01543,-8495.4374,-8494.1903,-8495.3424,1.2471000000005006
2,-8502.01543,-8495.4374,-8494.0392,-8495.4283,1.3982000000014523
1,-8502.01543,-8495.4374,-8494.6034,-8495.4367,0.8340000000007421
1,-8502.01543,-8495.4374,-8494.5183,-8495.3242,0.9191000000009808
2,-8502.01543,-8495.4374,-8494.4327,-8495.7329,1.0047000000013213
3,-8502.01543,-8495.4374,-8494.2408,-8495.3153,1.1966000000011263
3,-8502.01543,-8495.4374,-8494.2236,-8495.3901,1.2138000000013562
3,-8502.01543,-8495.4374,-8494.2405,-8495.5957,1.1969000000008236
3,-8502.01543,-8495.4374,-8494.4208,-8495.6426,1.0166000000008353
1,-8502.01543,-8495.4374,-8494.1969,-8495.3563,1.2404999999998836
3,-8502.01543,-8495.4374,-8494.199,-8495.5506,1.2384000000001834
1,-8502.01543,-8495.4374,-8494.0971,-8495.2688,1.3402999999998428
2,-8502.01543,-8496.483,-8495.3318,-8496.6134,1.1512000000002445
2,-8502.01543,-8496.483,-8495.2129,-8496.1793,1.2700999999997293
1,-8502.01543,-8496.483,-8495.4976,-8496.5399,0.9853999999995722
3,-8502.01543,-8496.483,-8495.4389,-8496.2811,1.0441000000009808
2,-8502.01543,-8496.483,-8495.3783,-8496.4414,1.1046999999998661
1,-8502.01543,-8496.483,-8495.4567,-8496.5182,1.0262999999995372
1,-8502.01543,-8496.483,-8495.4897,-8496.5425,0.9933000000000902
3,-8502.01543,-8496.483,-8495.3078,-8496.3918,1.175199999999677
3,-8502.01543,-8496.483,-8495.1974,-8496.3801,1.285600000001068
1,-8502.01543,-8496.483,-8495.3051,-8496.4213,1.1779000000005908
2,-8502.01543,-8496.483,-8495.2068,-8496.4423,1.2762000000002445
2,-8502.01543,-8496.483,-8495.2395,-8496.3841,1.2435000000004948
3,-8502.01543,-8495.1825,-8494.1987,-8495.5214,0.9837999999999738
2,-8502.01543,-8495.1825,-8494.1076,-8495.4906,1.0749000000014348
1,-8502.01543,-8495.1825,-8494.3779,-8495.3647,0.8046000000013009
2,-8502.01543,-8495.1825,-8494.2241,-8495.5887,0.9584000000013475
1,-8502.01543,-8495.1825,-8493.9807,-8495.3006,1.2018000000007305
3,-8502.01543,-8495.1825,-8494.1726,-8495.397,1.0099000000009255
3,-8502.01543,-8495.1825,-8494.1181,-8495.5967,1.0644000000011147
3,-8502.01543,-8495.1825,-8493.9084,-8495.6345,1.2741000000005442
1,-8502.01543,-8495.1825,-8494.388,-8495.369,0.7944999999999709
3,-8502.01543,-8495.1825,-8494.0855,-8495.3265,1.0970000000015716
3,-8502.01543,-8495.1825,-8494.1175,-8495.4303,1.0650000000005093
3,-8502.01543,-8495.1825,-8494.0672,-8495.5296,1.115300000001298
1,-8502.01543,-8496.429,-8495.4984,-8496.4468,0.9305999999996857
1,-8502.01543,-8496.429,-8495.5555,-8496.4348,0.8734999999996944
2,-8502.01543,-8496.429,-8495.2164,-8496.6229,1.212600000000748
1,-8502.01543,-8496.429,-8495.4568,-8496.2327,0.9722000000001572
3,-8502.01543,-8496.429,-8495.2655,-8496.3577,1.1635000000005675
1,-8502.01543,-8496.429,-8495.3458,-8496.3154,1.083200000000943
2,-8502.01543,-8496.429,-8495.3342,-8496.5154,1.0948000000007596
2,-8502.01543,-8496.429,-8495.3215,-8496.508,1.1075000000000728
2,-8502.01543,-8496.429,-8495.1389,-8496.4946,1.290100000000166
1,-8502.01543,-8496.429,-8495.4698,-8496.4204,0.9591999999993277
1,-8502.01543,-8496.429,-8495.3157,-8496.3449,1.1133000000008906
3,-8502.01543,-8496.429,-8495.4445,-8496.4896,0.9845000000004802
3,-8502.01543,-8496.3254,-8495.1273,-8496.2381,1.198099999999613
2,-8502.01543,-8496.3254,-8495.1847,-8496.369,1.1406999999999243
3,-8502.01543,-8496.3254,-8495.1413,-8496.4142,1.1841000000003987
1,-8502.01543,-8496.3254,-8495.5688,-8496.3722,0.756600000000617
2,-8502.01543,-8496.3254,-8495.0889,-8496.3989,1.2364999999990687
2,-8502.01543,-8496.3254,-8495.0474,-8496.4076,1.2780000000002474
1,-8502.01543,-8496.3254,-8495.3387,-8496.3506,0.9866999999994732
1,-8502.01543,-8496.3254,-8495.1202,-8496.358,1.2052000000003318
3,-8502.01543,-8496.3254,-8495.1025,-8496.3017,1.2228999999988446
1,-8502.01543,-8496.3254,-8495.3101,-8496.3306,1.0152999999991152
2,-8502.01543,-8496.3254,-8495.2222,-8496.4115,1.1031999999995605
3,-8502.01543,-8496.3254,-8495.1148,-8496.4649,1.2106000000003405
3,-8502.01543,-8496.4786,-8495.1778,-8496.2041,1.3008000000008906
1,-8502.01543,-8496.4786,-8495.5534,-8496.4786,0.925199999999677
3,-8502.01543,-8496.4786,-8495.2143,-8496.3529,1.2643000000007305
2,-8502.01543,-8496.4786,-8495.1278,-8496.1709,1.350800000000163
1,-8502.01543,-8496.4786,-8495.3787,-8496.4549,1.099900000001071
3,-8502.01543,-8496.4786,-8495.4168,-8496.3204,1.0617999999994936
2,-8502.01543,-8496.4786,-8495.2158,-8496.3431,1.262800000000425
1,-8502.01543,-8496.4786,-8495.0478,-8496.3446,1.4308000000000902
3,-8502.01543,-8496.4786,-8495.2993,-8496.4751,1.1792999999997846
3,-8502.01543,-8496.4786,-8495.2077,-8496.3469,1.2708999999995285
3,-8502.01543,-8496.4786,-8495.2615,-8496.4322,1.2170999999998457
1,-8502.01543,-8496.4786,-8495.2343,-8496.364,1.244300000000294
3,-8502.01543,-8496.2848,-8495.1123,-8496.4324,1.172499999998763
3,-8502.01543,-8496.2848,-8495.0551,-8496.2602,1.2296999999998661
3,-8502.01543,-8496.2848,-8494.9392,-8496.1374,1.3455999999987398
1,-8502.01543,-8496.2848,-8495.2521,-8496.3,1.0326999999997497
2,-8502.01543,-8496.2848,-8495.0203,-8496.2756,1.264499999999316
3,-8502.01543,-8496.2848,-8495.1798,-8496.3842,1.1049999999995634
1,-8502.01543,-8496.2848,-8495.3777,-8496.3202,0.9071000000003551
3,-8502.01543,-8496.2848,-8495.2452,-8496.5055,1.039600000000064
1,-8502.01543,-8496.2848,-8495.1856,-8496.2715,1.0991999999987456
1,-8502.01543,-8496.2848,-8495.4673,-8496.3351,0.8174999999991996
1,-8502.01543,-8496.2848,-8495.0651,-8496.2225,1.2196999999996478
3,-8502.01543,-8496.2848,-8495.255,-8496.4704,1.0298000000002503
2,-8502.01543,-8495.7266,-8494.3775,-8495.7033,1.3490999999994528
3,-8502.01543,-8495.7266,-8494.4853,-8495.6147,1.2412999999996828
1,-8502.01543,-8495.7266,-8494.8686,-8495.7302,0.8580000000001746
1,-8502.01543,-8495.7266,-8494.5185,-8495.8428,1.2080999999998312
1,-8502.01543,-8495.7266,-8494.9032,-8495.8593,0.8233999999993102
2,-8502.01543,-8495.7266,-8494.0904,-8495.3575,1.6362000000008265
3,-8502.01543,-8495.7266,-8494.3488,-8495.5789,1.3778000000002066
3,-8502.01543,-8495.7266,-8494.7189,-8495.7712,1.0077000000001135
3,-8502.01543,-8495.7266,-8494.7131,-8495.7926,1.0134999999991123
1,-8502.01543,-8495.7266,-8494.6347,-8495.6778,1.0918999999994412
3,-8502.01543,-8495.7266,-8494.5121,-8495.4953,1.2145000000000437
3,-8502.01543,-8495.7266,-8494.7465,-8495.6201,0.9801000000006752
3,-8502.01543,-8496.4511,-8495.4066,-8496.5235,1.044499999999971
3,-8502.01543,-8496.4511,-8495.1932,-8496.3027,1.257900000000518
2,-8502.01543,-8496.4511,-8494.8957,-8496.3577,1.5554000000011001
1,-8502.01543,-8496.4511,-8495.3526,-8496.4507,1.0985000000000582
2,-8502.01543,-8496.4511,-8495.1601,-8496.3813,1.2910000000010768
1,-8502.01543,-8496.4511,-8495.4471,-8496.4026,1.004000000000815
2,-8502.01543,-8496.4511,-8494.9059,-8496.1085,1.5452000000004773
1,-8502.01543,-8496.4511,-8495.2037,-8496.3852,1.247400000000198
1,-8502.01543,-8496.4511,-8495.5342,-8496.5085,0.9169000000001688
3,-8502.01543,-8496.4511,-8495.4151,-8496.5272,1.0360000000000582
3,-8502.01543,-8496.4511,-8495.2006,-8496.3337,1.2505000000001019
3,-8502.01543,-8496.4511,-8495.1207,-8496.3774,1.3304000000007363
1,-8502.01543,-8495.669,-8494.5156,-8495.6522,1.1533999999992375
2,-8502.01543,-8495.669,-8494.6393,-8495.6023,1.0296999999991385
2,-8502.01543,-8495.669,-8494.2806,-8495.4251,1.3883999999998196
2,-8502.01543,-8495.669,-8494.4634,-8495.612,1.2055999999993219
3,-8502.01543,-8495.669,-8494.3506,-8495.5524,1.3184000000001106
2,-8502.01543,-8495.669,-8494.6356,-8495.5441,1.0334000000002561
1,-8502.01543,-8495.669,-8494.816,-8495.6989,0.852999999999156
1,-8502.01543,-8495.669,-8494.8924,-8495.7372,0.7765999999992346
1,-8502.01543,-8495.669,-8494.625,-8495.6879,1.043999999999869
3,-8502.01543,-8495.669,-8494.4689,-8495.6416,1.2001000000000204
2,-8502.01543,-8495.669,-8494.6139,-8495.7511,1.0550999999995838
3,-8502.01543,-8495.669,-8494.2109,-8495.4373,1.4580999999998312
3,-8502.01543,-8495.697,-8494.6465,-8495.6375,1.0504999999993743
2,-8502.01543,-8495.697,-8494.5848,-8495.7852,1.112199999999575
3,-8502.01543,-8495.697,-8494.487,-8495.8206,1.2100000000009459
1,-8502.01543,-8495.697,-8494.5313,-8495.5624,1.1656999999995605
3,-8502.01543,-8495.697,-8494.4966,-8495.6218,1.2003999999997177
3,-8502.01543,-8495.697,-8494.3957,-8495.7776,1.3013000000009924
1,-8502.01543,-8495.697,-8494.6154,-8495.6956,1.0815999999995256
1,-8502.01543,-8495.697,-8494.7904,-8495.8037,0.9066000000002532
1,-8502.01543,-8495.697,-8494.8521,-8495.7054,0.8449000000000524
1,-8502.01543,-8495.697,-8494.7278,-8495.6976,0.969199999999546
3,-8502.01543,-8495.697,-8494.3746,-8495.5552,1.3224000000009255
3,-8502.01543,-8495.697,-8494.3811,-8495.746,1.3158999999996013
3,-8502.01543,-8495.6549,-8494.3775,-8495.405,1.2773999999990338
1,-8502.01543,-8495.6549,-8494.6352,-8495.6124,1.0196999999989202
2,-8502.01543,-8495.6549,-8494.4639,-8495.683,1.190999999998894
2,-8502.01543,-8495.6549,-8494.6968,-8495.5081,0.9580999999998312
1,-8502.01543,-8495.6549,-5462.6491,-8495.7323,3033.0058
2,-8502.01543,-8495.6549,-8494.4505,-8495.6574,1.2043999999987136
1,-8502.01543,-8495.6549,-8494.6553,-8495.5228,0.9995999999991909
2,-8502.01543,-8495.6549,-8494.4498,-8495.4868,1.20509999999922
2,-8502.01543,-8495.6549,-8494.5525,-8495.5177,1.1023999999997613
1,-8502.01543,-8495.6549,-8494.559,-8495.5393,1.0959000000002561
3,-8502.01543,-8495.6549,-8494.4857,-8495.4152,1.1692000000002736
3,-8502.01543,-8495.6549,-8494.4156,-8495.5684,1.2392999999992753
2,-8502.01543,-8496.2816,-8494.6807,-8496.1835,1.6008999999994558
3,-8502.01543,-8496.2816,-8495.2202,-8496.4408,1.0614000000005035
3,-8502.01543,-8496.2816,-8495.2013,-8496.3458,1.0802999999996246
2,-8502.01543,-8496.2816,-8494.9609,-8496.2476,1.3207000000002154
1,-8502.01543,-8496.2816,-8495.2827,-8496.362,0.9989000000005035
2,-8502.01543,-8496.2816,-8495.0821,-8496.6057,1.1995000000006257
1,-8502.01543,-8496.2816,-8495.2014,-8496.2629,1.0802000000003318
3,-8502.01543,-8496.2816,-8495.0558,-8496.5456,1.225800000000163
3,-8502.01543,-8496.2816,-8495.1978,-8496.544,1.0838000000003376
3,-8502.01543,-8496.2816,-8495.2365,-8496.3238,1.0450999999993655
3,-8502.01543,-8496.2816,-8495.0628,-8496.3241,1.2188000000005559
1,-8502.01543,-8496.2816,-8495.1223,-8496.2459,1.159299999999348
2,-8502.01543,-8495.4848,-8494.3867,-8495.6646,1.098100000001068
1,-8502.01543,-8495.4848,-8494.4375,-8495.4535,1.0473000000001775
2,-8502.01543,-8495.4848,-8494.3434,-8495.58,1.1414000000004307
1,-8502.01543,-8495.4848,-8494.5829,-8495.5062,0.9019000000007509
2,-8502.01543,-8495.4848,-8494.1916,-8495.5034,1.2932000000000698
1,-8502.01543,-8495.4848,-8494.3227,-8495.3873,1.1620999999995547
2,-8502.01543,-8495.4848,-8494.1903,-8495.6481,1.294499999999971
3,-8502.01543,-8495.4848,-8493.9956,-8495.4767,1.4891999999999825
3,-8502.01543,-8495.4848,-8494.4511,-8495.639,1.0336999999999534
2,-8502.01543,-8495.4848,-8493.9681,-8495.4065,1.516700000000128
3,-8502.01543,-8495.4848,-8494.5793,-8495.5855,0.9055000000007567
2,-8502.01543,-8495.4848,-8494.106,-8495.5853,1.3788000000004104
2,-8502.01543,-8496.2443,-8495.1467,-8496.5235,1.0976000000009662
1,-8502.01543,-8496.2443,-8495.4367,-8496.3026,0.8076000000000931
1,-8502.01543,-8496.2443,-8495.2862,-8496.2435,0.9580999999998312
3,-8502.01543,-8496.2443,-8495.1609,-8496.453,1.0833999999995285
1,-8502.01543,-8496.2443,-8495.5003,-8496.379,0.7440000000005966
3,-8502.01543,-8496.2443,-8494.8566,-8496.1597,1.3877000000011321
1,-8502.01543,-8496.2443,-8495.3233,-8496.3449,0.9210000000002765
1,-8502.01543,-8496.2443,-8495.1042,-8496.1421,1.1401000000005297
3,-8502.01543,-8496.2443,-8495.0205,-8496.266,1.2237999999997555
1,-8502.01543,-8496.2443,-8495.0182,-8496.1453,1.2260999999998603
3,-8502.01543,-8496.2443,-8495.0738,-8496.3469,1.1705000000001746
3,-8502.01543,-8496.2443,-8495.0003,-8496.1763,1.2440000000005966
1,-8502.01543,-8495.7573,-8494.7803,-8495.8785,0.9769999999989523
1,-8502.01543,-8495.7573,-8494.7622,-8495.7946,0.9951000000000931
1,-8502.01543,-8495.7573,-8494.9021,-8495.793,0.855199999999968
2,-8502.01543,-8495.7573,-8494.5509,-8495.731,1.206399999999121
1,-8502.01543,-8495.7573,-8494.8368,-8495.7192,0.9205000000001746
2,-8502.01543,-8495.7573,-8494.624,-8495.5866,1.1332999999995081
2,-8502.01543,-8495.7573,-8494.8571,-8495.8379,0.9002000000000407
2,-8502.01543,-8495.7573,-8494.4447,-8495.7054,1.3125999999992928
3,-8502.01543,-8495.7573,-8494.6459,-8495.7474,1.111399999999776
1,-8502.01543,-8495.7573,-8494.8085,-8495.7347,0.9488000000001193
1,-8502.01543,-8495.7573,-8494.8585,-8495.7574,0.8987999999990279
2,-8502.01543,-8495.7573,-8494.6369,-8495.7953,1.1203999999997905
2,-8502.01543,-8495.7822,-8494.7616,-8495.9315,1.0205999999998312
1,-8502.01543,-8495.7822,-8494.9652,-8495.8083,0.8169999999990978
3,-8502.01543,-8495.7822,-8494.654,-8495.7598,1.1281999999991967
2,-8502.01543,-8495.7822,-8494.5841,-8495.6561,1.198099999999613
1,-8502.01543,-8495.7822,-8494.8991,-8495.7455,0.8830999999991036
1,-8502.01543,-8495.7822,-8494.8314,-8495.9664,0.9508000000005268
2,-8502.01543,-8495.7822,-8494.5089,-8495.8143,1.273299999998926
2,-8502.01543,-8495.7822,-8494.614,-8495.6482,1.1682000000000698
1,-8502.01543,-8495.7822,-8494.9166,-8495.875,0.8655999999991764
1,-8502.01543,-8495.7822,-8494.9042,-8495.7593,0.8779999999987922
1,-8502.01543,-8495.7822,-8494.7368,-8495.7203,1.0453999999990629
3,-8502.01543,-8495.7822,-8494.6477,-8495.8025,1.1345000000001164
2,-8502.01543,-8495.4281,-8494.2312,-8495.2948,1.1968999999990046
2,-8502.01543,-8495.4281,-8494.5517,-8495.598,0.8763999999991938
2,-8502.01543,-8495.4281,-8494.2402,-8495.508,1.18789999999899
3,-8502.01543,-8495.4281,-8494.4664,-8495.5497,0.961699999999837
1,-8502.01543,-8495.4281,-8494.5666,-8495.6151,0.8614999999990687
3,-8502.01543,-8495.4281,-8494.2565,-8495.7047,1.1715999999996711
3,-8502.01543,-8495.4281,-8494.2339,-8495.5869,1.1941999999999098
3,-8502.01543,-8495.4281,-8494.412,-8495.7101,1.0160999999989144
2,-8502.01543,-8495.4281,-8494.3558,-8495.5569,1.0722999999998137
2,-8502.01543,-8495.4281,-8494.1186,-8495.3257,1.3094999999993888
3,-8502.01543,-8495.4281,-8494.5204,-8495.4979,0.9076999999997497
2,-8502.01543,-8495.4281,-8494.5169,-8495.6641,0.9111999999986438
1,-8502.01543,-8496.266,-8495.3491,-8496.4185,0.9169000000001688
2,-8502.01543,-8496.266,-8495.226,-8496.4034,1.0399999999990541
1,-8502.01543,-8496.266,-8495.3633,-8496.3501,0.9026999999987311
3,-8502.01543,-8496.266,-8495.2829,-8496.4569,0.9830999999994674
1,-8502.01543,-8496.266,-8494.9358,-8496.1603,1.3302000000003318
3,-8502.01543,-8496.266,-8495.2247,-8496.3961,1.0412999999989552
3,-8502.01543,-8496.266,-8495.0205,-8496.2442,1.2454999999990832
3,-8502.01543,-8496.266,-8495.1425,-8496.1763,1.1234999999996944
1,-8502.01543,-8496.266,-8495.2844,-8496.2783,0.9815999999991618
1,-8502.01543,-8496.266,-8495.3561,-8496.3131,0.9098999999987427
1,-8502.01543,-8496.266,-8495.2006,-8496.1942,1.0653999999994994
1,-8502.01543,-8496.266,-8495.3953,-8496.2742,0.8706999999994878
2,-8502.01543,-8495.5765,-8494.5911,-8495.5617,0.9853999999995722
2,-8502.01543,-8495.5765,-8494.1234,-8495.5504,1.4530999999988126
1,-8502.01543,-8495.5765,-8494.6509,-8495.5558,0.925599999998667
1,-8502.01543,-8495.5765,-8494.4954,-8495.4806,1.0810999999994237
3,-8502.01543,-8495.5765,-8494.4564,-8495.5887,1.1201000000000931
1,-8502.01543,-8495.5765,-8494.6254,-8495.6262,0.9510999999984051
1,-8502.01543,-8495.5765,-8494.6407,-8495.6478,0.9357999999992899
1,-8502.01543,-8495.5765,-8494.4282,-8495.6735,1.148299999998926
2,-8502.01543,-8495.5765,-8494.3813,-8495.466,1.1952000000001135
2,-8502.01543,-8495.5765,-8494.5044,-8495.3276,1.0720999999994092
1,-8502.01543,-8495.5765,-8494.6205,-8495.4735,0.955999999998312
2,-8502.01543,-8495.5765,-8494.2177,-8495.5281,1.3587999999999738
3,-8502.01543,-8495.6911,-8494.4888,-8495.7025,1.2023000000008324
3,-8502.01543,-8495.6911,-8494.5835,-8495.5909,1.1075999999993655
1,-8502.01543,-8495.6911,-8494.7613,-8495.7116,0.9297999999998865
2,-8502.01543,-8495.6911,-8494.5819,-8495.6897,1.109200000000783
3,-8502.01543,-8495.6911,-8494.2853,-8495.5048,1.405800000000454
2,-8502.01543,-8495.6911,-8494.5279,-8495.7309,1.1632000000008702
2,-8502.01543,-8495.6911,-8494.5298,-8495.7608,1.1612999999997555
2,-8502.01543,-8495.6911,-8494.437,-8495.5936,1.2541000000001077
1,-8502.01543,-8495.6911,-8494.7113,-8495.8007,0.9797999999991589
2,-8502.01543,-8495.6911,-8494.6063,-8495.6861,1.0848000000005413
3,-8502.01543,-8495.6911,-8494.4726,-8495.868,1.2185000000008586
1,-8502.01543,-8495.6911,-8494.6086,-8495.8147,1.0825000000004366
3,-8502.01543,-8495.5187,-8494.0675,-8495.5399,1.4512000000013359
3,-8502.01543,-8495.5187,-8494.2193,-8495.5035,1.2993999999998778
1,-8502.01543,-8495.5187,-8494.4849,-8495.6099,1.0338000000010652
2,-8502.01543,-8495.5187,-8494.3781,-8495.6649,1.1406000000006316
3,-8502.01543,-8495.5187,-8494.393,-8495.532,1.1257000000005064
2,-8502.01543,-8495.5187,-8494.0661,-8495.4118,1.4526000000005297
2,-8502.01543,-8495.5187,-8494.4998,-8495.5847,1.01890000000094
3,-8502.01543,-8495.5187,-8494.3968,-8495.709,1.121900000000096
3,-8502.01543,-8495.5187,-8494.3135,-8495.5129,1.2052000000003318
2,-8502.01543,-8495.5187,-8494.4905,-8495.5774,1.028200000000652
3,-8502.01543,-8495.5187,-8494.5662,-8495.6175,0.9525000000012369
1,-8502.01543,-8495.5187,-8494.5743,-8495.6216,0.9444000000003143
2,-8502.01543,-8495.7062,-8494.3601,-8495.8564,1.3461000000006607
1,-8502.01543,-8495.7062,-8494.7192,-8495.7118,0.9870000000009895
3,-8502.01543,-8495.7062,-8494.5519,-8495.8805,1.1543000000001484
1,-8502.01543,-8495.7062,-8494.5215,-8495.6457,1.1846999999997934
3,-8502.01543,-8495.7062,-8494.3996,-8495.591,1.3065999999998894
1,-8502.01543,-8495.7062,-8494.9856,-8495.7574,0.7206000000005588
2,-8502.01543,-8495.7062,-8494.2861,-8495.6508,1.4201000000011845
2,-8502.01543,-8495.7062,-8494.7579,-8495.8083,0.9483000000000175
3,-8502.01543,-8495.7062,-8494.6881,-8495.8177,1.0181000000011409
3,-8502.01543,-8495.7062,-8494.7652,-8495.8885,0.941000000000713
2,-8502.01543,-8495.7062,-8494.4868,-8495.6854,1.2193999999999505
1,-8502.01543,-8495.7062,-8494.627,-8495.7106,1.079200000000128
3,-8502.01543,-8496.1716,-8495.1243,-8496.4014,1.0473000000001775
3,-8502.01543,-8496.1716,-8495.1427,-8496.5702,1.0288999999993393
1,-8502.01543,-8496.1716,-8495.0711,-8496.359,1.1005000000004657
3,-8502.01543,-8496.1716,-8494.9685,-8496.3534,1.2030999999988126
3,-8502.01543,-8496.1716,-8495.2403,-8496.5429,0.9313000000001921
3,-8502.01543,-8496.1716,-8495.1879,-8496.4776,0.983699999998862
2,-8502.01543,-8496.1716,-8494.9674,-8496.2149,1.204200000000128
2,-8502.01543,-8496.1716,-8494.9457,-8496.2623,1.2258999999994558
3,-8502.01543,-8496.1716,-8494.9564,-8496.3276,1.21520000000055
1,-8502.01543,-8496.1716,-8495.1201,-8496.2691,1.051499999999578
3,-8502.01543,-8496.1716,-8495.067,-8496.565,1.1046000000005733
3,-8502.01543,-8496.1716,-8494.8721,-8496.2837,1.2994999999991705
3,-8502.01543,-8496.4142,-8495.37,-8496.3961,1.0441999999984546
1,-8502.01543,-8496.4142,-8495.3828,-8496.315,1.0313999999998487
3,-8502.01543,-8496.4142,-8495.1509,-8496.2381,1.2632999999987078
1,-8502.01543,-8496.4142,-8495.2992,-8496.3636,1.1149999999997817
1,-8502.01543,-8496.4142,-8495.4463,-8496.4334,0.9678999999996449
3,-8502.01543,-8496.4142,-8495.3652,-8496.5878,1.0489999999990687
1,-8502.01543,-8496.4142,-8495.351,-8496.3612,1.0631999999986874
1,-8502.01543,-8496.4142,-8495.3867,-8496.3931,1.0275000000001455
2,-8502.01543,-8496.4142,-8495.1034,-8496.4043,1.3107999999992899
1,-8502.01543,-8496.4142,-8495.4629,-8496.3719,0.9512999999988097
2,-8502.01543,-8496.4142,-8495.2618,-8496.3847,1.1523999999990338
3,-8502.01543,-8496.4142,-8495.1413,-8496.3254,1.272899999999936
1,-8502.01543,-8495.5667,-8494.1525,-8495.5985,1.414199999999255
3,-8502.01543,-8495.5667,-8494.4262,-8495.7147,1.1404999999995198
3,-8502.01543,-8495.5667,-8494.2031,-8495.693,1.363599999998769
3,-8502.01543,-8495.5667,-8494.1746,-8495.6173,1.3920999999991182
3,-8502.01543,-8495.5667,-8494.4428,-8495.5244,1.1238999999986845
2,-8502.01543,-8495.5667,-8494.3265,-8495.6001,1.2402000000001863
3,-8502.01543,-8495.5667,-8494.3651,-8495.5765,1.201599999998507
3,-8502.01543,-8495.5667,-8494.6717,-8495.7317,0.8949999999986176
2,-8502.01543,-8495.5667,-8494.3663,-8495.5947,1.2003999999997177
3,-8502.01543,-8495.5667,-8494.2432,-8495.4612,1.323499999998603
3,-8502.01543,-8495.5667,-8494.3236,-8495.5178,1.2430999999996857
3,-8502.01543,-8495.5667,-8494.3198,-8495.6046,1.246900000000096
2,-8502.01543,-8496.3203,-8494.8652,-8496.2932,1.45509999999922
3,-8502.01543,-8496.3203,-8495.1513,-8496.5467,1.168999999999869
2,-8502.01543,-8496.3203,-8495.3549,-8496.5531,0.9653999999991356
1,-8502.01543,-8496.3203,-8495.2575,-8496.3104,1.0627999999996973
3,-8502.01543,-8496.3203,-8495.4354,-8496.4914,0.8848999999991065
3,-8502.01543,-8496.3203,-8495.1787,-8496.3176,1.1415999999990163
2,-8502.01543,-8496.3203,-8494.8023,-8496.414,1.518000000000029
1,-8502.01543,-8496.3203,-8495.2609,-8496.3576,1.059400000000096
3,-8502.01543,-8496.3203,-8495.3064,-8496.4898,1.0138999999999214
1,-8502.01543,-8496.3203,-8495.3666,-8496.3981,0.9537000000000262
2,-8502.01543,-8496.3203,-8495.4876,-8496.628,0.8326999999990221
2,-8502.01543,-8496.3203,-8495.1883,-8496.559,1.131999999999607
2,-8502.01543,-8495.5217,-8494.104,-8495.3985,1.417699999999968
2,-8502.01543,-8495.5217,-8494.1074,-8495.4563,1.4142999999985477
1,-8502.01543,-8495.5217,-8494.5504,-8495.6234,0.9712999999992462
3,-8502.01543,-8495.5217,-8494.3527,-8495.5062,1.168999999999869
3,-8502.01543,-8495.5217,-8494.4907,-8495.7721,1.0309999999990396
2,-8502.01543,-8495.5217,-8494.3359,-8495.6511,1.1857999999992899
3,-8502.01543,-8495.5217,-8494.3341,-8495.4695,1.1875999999992928
1,-8502.01543,-8495.5217,-8494.2372,-8495.4964,1.2844999999997526
3,-8502.01543,-8495.5217,-8494.6302,-8495.62,0.8914999999997235
2,-8502.01543,-8495.5217,-8494.5654,-8495.5873,0.9562999999998283
3,-8502.01543,-8495.5217,-8494.4408,-8495.4935,1.0808999999990192
2,-8502.01543,-8495.5217,-8494.5697,-8495.4419,0.9519999999993161
2,-8502.01543,-8495.6441,-8494.6202,-8496.014,1.0239000000001397
3,-8502.01543,-8495.6441,-8494.5225,-8495.8091,1.1216000000003987
1,-8502.01543,-8495.6441,-8494.7561,-8495.714,0.8879999999990105
2,-8502.01543,-8495.6441,-8494.3779,-8495.7329,1.2662000000000262
1,-8502.01543,-8495.6441,-8494.5142,-8495.6814,1.1298999999999069
3,-8502.01543,-8495.6441,-8494.4064,-8495.5936,1.237699999999677
3,-8502.01543,-8495.6441,-8494.3566,-8495.6945,1.2875000000003638
2,-8502.01543,-8495.6441,-8494.4668,-8495.7506,1.1772999999993772
2,-8502.01543,-8495.6441,-8494.3633,-8495.5827,1.280799999998635
3,-8502.01543,-8495.6441,-8494.4092,-8495.6632,1.2348999999994703
3,-8502.01543,-8495.6441,-8494.617,-8495.6606,1.0270999999993364
2,-8502.01543,-8495.6441,-8494.5187,-8495.5927,1.12539999999899
1,-8502.01543,-8495.7865,-8494.6473,-8495.7673,1.1391999999996187
3,-8502.01543,-8495.7865,-8494.5386,-8495.7097,1.2479000000002998
1,-8502.01543,-8495.7865,-8494.9684,-8495.8593,0.8181000000004133
1,-8502.01543,-8495.7865,-8494.8906,-8495.8858,0.8958999999995285
3,-8502.01543,-8495.7865,-8494.5246,-8495.7093,1.261899999999514
1,-8502.01543,-8495.7865,-8494.7935,-8495.7992,0.9930000000003929
3,-8502.01543,-8495.7865,-8494.2678,-8495.5661,1.5187000000005355
1,-8502.01543,-8495.7865,-8494.6972,-8495.7292,1.0892999999996391
1,-8502.01543,-8495.7865,-8494.7464,-8495.7395,1.040100000000166
2,-8502.01543,-8495.7865,-8494.4372,-8495.5951,1.3492999999998574
3,-8502.01543,-8495.7865,-8494.3129,-8495.4733,1.473599999999351
3,-8502.01543,-8495.7865,-8494.6113,-8495.7339,1.175199999999677
3,-8502.01543,-8495.4941,-8494.489,-8495.5094,1.0051000000003114
3,-8502.01543,-8495.4941,-8494.1988,-8495.4984,1.29529999999977
1,-8502.01543,-8495.4941,-8494.2965,-8495.6373,1.197599999999511
3,-8502.01543,-8495.4941,-8494.4047,-8495.5599,1.0894000000007509
3,-8502.01543,-8495.4941,-8494.3636,-8495.4608,1.1304999999993015
3,-8502.01543,-8495.4941,-8494.2425,-8495.51,1.2515999999995984
3,-8502.01543,-8495.4941,-8494.3186,-8495.6088,1.1754999999993743
3,-8502.01543,-8495.4941,-8494.2737,-8495.6956,1.2204000000001543
3,-8502.01543,-8495.4941,-8494.0632,-8495.6505,1.430899999999383
3,-8502.01543,-8495.4941,-8494.1565,-8495.4726,1.337600000000748
3,-8502.01543,-8495.4941,-8494.2973,-8495.5059,1.1967999999997119
3,-8502.01543,-8495.4941,-8494.3861,-8495.5814,1.1080000000001746
3,-8502.01543,-8495.6449,-8494.5389,-8495.4087,1.1059999999997672
2,-8502.01543,-8495.6449,-8494.3954,-8495.5749,1.2494999999998981
2,-8502.01543,-8495.6449,-8494.4903,-8495.4181,1.1545999999998457
2,-8502.01543,-8495.6449,-8494.6253,-8495.453,1.0195999999996275
3,-8502.01543,-8495.6449,-8494.4138,-8495.6682,1.23109999999906
2,-8502.01543,-8495.6449,-8494.4944,-8495.6356,1.150499999999738
1,-8502.01543,-8495.6449,-8494.6016,-8495.5803,1.0432999999993626
2,-8502.01543,-8495.6449,-8494.5679,-8495.6151,1.076999999999316
1,-8502.01543,-8495.6449,-8494.5016,-8495.7528,1.1432999999997264
1,-8502.01543,-8495.6449,-8494.7069,-8495.6096,0.9380000000001019
2,-8502.01543,-8495.6449,-8494.7093,-8495.5873,0.9355999999988853
2,-8502.01543,-8495.6449,-8494.2626,-8495.5086,1.3822999999993044
3,-8502.01543,-8495.8011,-8494.7502,-8495.9598,1.0509000000001834
2,-8502.01543,-8495.8011,-8494.5645,-8495.9878,1.2366000000001804
1,-8502.01543,-8495.8011,-8494.6699,-8495.7542,1.131199999999808
3,-8502.01543,-8495.8011,-8494.6392,-8495.8416,1.1619000000009692
2,-8502.01543,-8495.8011,-8494.485,-8495.7943,1.3161000000000058
1,-8502.01543,-8495.8011,-8494.7194,-8495.68,1.0817000000006374
2,-8502.01543,-8495.8011,-8494.8596,-8496.0526,0.9415000000008149
3,-8502.01543,-8495.8011,-8494.7601,-8495.9009,1.0410000000010768
1,-8502.01543,-8495.8011,-8494.9795,-8495.7709,0.8216000000011263
1,-8502.01543,-8495.8011,-8494.7497,-8495.7867,1.0514000000002852
1,-8502.01543,-8495.8011,-8494.7506,-8495.6916,1.0505000000011933
3,-8502.01543,-8495.8011,-8494.6657,-8495.9955,1.1354000000010274
3,-8502.01543,-8495.7259,-8494.3527,-8495.5125,1.373199999999997
3,-8502.01543,-8495.7259,-8494.5635,-8495.6361,1.162399999999252
3,-8502.01543,-8495.7259,-8494.2697,-8495.499,1.4561999999987165
1,-8502.01543,-8495.7259,-8494.5331,-8495.6663,1.192799999998897
1,-8502.01543,-8495.7259,-8494.7652,-8495.8785,0.9606999999996333
1,-8502.01543,-8495.7259,-8494.8954,-8495.7946,0.8305000000000291
1,-8502.01543,-8495.7259,-8494.6723,-8495.7556,1.0535999999992782
1,-8502.01543,-8495.7259,-8494.6155,-8495.793,1.1103999999995722
2,-8502.01543,-8495.7259,-8494.2506,-8495.4469,1.4753000000000611
3,-8502.01543,-8495.7259,-8494.5337,-8495.242,1.1921999999995023
2,-8502.01543,-8495.7259,-8494.5488,-8495.7004,1.1770999999989726
3,-8502.01543,-8495.7259,-8494.7126,-8495.5638,1.0132999999987078
2,-8502.01543,-8496.3273,-8495.2036,-8496.4113,1.123700000000099
2,-8502.01543,-8496.3273,-8495.195,-8496.3144,1.1323000000011234
2,-8502.01543,-8496.3273,-8494.8723,-8496.3413,1.4549999999999272
1,-8502.01543,-8496.3273,-4224.7786,-8496.4497,4271.548700000001
1,-8502.01543,-8496.3273,-8495.6882,-8496.4302,0.639100000000326
2,-8502.01543,-8496.3273,-8495.3001,-8496.4056,1.0272000000004482
2,-8502.01543,-8496.3273,-8495.0766,-8496.5224,1.2507000000005064
3,-8502.01543,-8496.3273,-8495.5391,-8496.5225,0.7882000000008702
2,-8502.01543,-8496.3273,-8495.0121,-8496.305,1.3152000000009139
3,-8502.01543,-8496.3273,-8495.4054,-8496.6227,0.9219000000011874
3,-8502.01543,-8496.3273,-8495.2757,-8496.4393,1.0516000000006898
3,-8502.01543,-8496.3273,-8495.5545,-8496.5362,0.7728000000006432
